Workbook
Name _: #N/A
Name _10_3__Crite: #REF!
Name _10A_: [1]연돌일위집계!#REF!
Name _10A_: [1]연돌일위집계!#REF!
Name _10A_: [1]연돌일위집계!#REF!
Name _10A_: [1]연돌일위집계!#REF!
Name _10A_: [1]연돌일위집계!#REF!
Name _10A_1: [1]연돌일위집계!#REF!
Name _10A_1: [1]연돌일위집계!#REF!
Name _10A_1: [1]연돌일위집계!#REF!
Name _10A_1: [1]연돌일위집계!#REF!
Name _10A_1: [1]연돌일위집계!#REF!
Name _10A_10: [1]연돌일위집계!#REF!
Name _10A_10: [1]연돌일위집계!#REF!
Name _10A_10: [1]연돌일위집계!#REF!
Name _10A_10: [1]연돌일위집계!#REF!
Name _10A_10: [1]연돌일위집계!#REF!
Name _10A_11: [1]연돌일위집계!#REF!
Name _10A_11: [1]연돌일위집계!#REF!
Name _10A_11: [1]연돌일위집계!#REF!
Name _10A_11: [1]연돌일위집계!#REF!
Name _10A_11: [1]연돌일위집계!#REF!
Name _10A_12: [1]연돌일위집계!#REF!
Name _10A_12: [1]연돌일위집계!#REF!
Name _10A_12: [1]연돌일위집계!#REF!
Name _10A_12: [1]연돌일위집계!#REF!
Name _10A_12: [1]연돌일위집계!#REF!
Name _10A_13: [1]연돌일위집계!#REF!
Name _10A_13: [1]연돌일위집계!#REF!
Name _10A_13: [1]연돌일위집계!#REF!
Name _10A_13: [1]연돌일위집계!#REF!
Name _10A_13: [1]연돌일위집계!#REF!
Name _10A_14: [1]연돌일위집계!#REF!
Name _10A_14: [1]연돌일위집계!#REF!
Name _10A_14: [1]연돌일위집계!#REF!
Name _10A_14: [1]연돌일위집계!#REF!
Name _10A_14: [1]연돌일위집계!#REF!
Name _10A_15: [1]연돌일위집계!#REF!
Name _10A_15: [1]연돌일위집계!#REF!
Name _10A_15: [1]연돌일위집계!#REF!
Name _10A_15: [1]연돌일위집계!#REF!
Name _10A_15: [1]연돌일위집계!#REF!
Name _10A_16: [1]연돌일위집계!#REF!
Name _10A_16: [1]연돌일위집계!#REF!
Name _10A_16: [1]연돌일위집계!#REF!
Name _10A_16: [1]연돌일위집계!#REF!
Name _10A_16: [1]연돌일위집계!#REF!
Name _10A_17: [1]연돌일위집계!#REF!
Name _10A_17: [1]연돌일위집계!#REF!
Name _10A_17: [1]연돌일위집계!#REF!
Name _10A_17: [1]연돌일위집계!#REF!
Name _10A_17: [1]연돌일위집계!#REF!
Name _10A_18: [1]연돌일위집계!#REF!
Name _10A_18: [1]연돌일위집계!#REF!
Name _10A_18: [1]연돌일위집계!#REF!
Name _10A_18: [1]연돌일위집계!#REF!
Name _10A_18: [1]연돌일위집계!#REF!
Name _10A_19: [1]연돌일위집계!#REF!
Name _10A_19: [1]연돌일위집계!#REF!
Name _10A_19: [1]연돌일위집계!#REF!

Sheet 공통
B2: 집행계획 (차수 구분~특기사항 사이 라인번호 순서대로, 중복 및 누락 없도록)
B3: 사업명 | J3: 공사코드 | L3: 발주처 | N3: 계약처 | R3: PJT명 - 코드 생성된 계약 명, 공사코드 - 해당 PJT 코드 번호
B4: 견적품의 | E4: 매출액 | G4: 재료비 | I4: 노무비 | K4: 외주비 | M4: 경비 | O4: 영업이익
B5: 집행계획 차수 | E5: 0 | F5: 계약 방법 | H5: 수금 조건 | J5: 고객 담당자 | L5: 고객 연락처 | N5: 영업 담당자 | O5: 정성원 | R5: 발주처 - 해당 PJT의 의뢰처, 계약처 - 해당 PJT의 계약처 (발주처와 계약처 다를 수 있음)
B6: 년도 구분 | E6: 2025년 | G6: 2026년
B7: 집행 구분 | E7: 최초 | F7: 수정 | G7: 이월
B8: 차수 구분 | D8: 1 | E8: 0 | F8: 1 | G8: 2 | H8: 3 | I8: 4 | J8: 5 | K8: 6 | L8: 7 | M8: 8 | N8: 9 | O8: 10 | P8: 11 | R8: 본 집행시 반드시 '0'차로 표시, 1차수부터는 수정 집행임
B9: 견적서 작성일 | D9: 2 | R9: 영업 견적서 작성일
B10: 집행계획 작성일 | D10: 3 | R10: 집행 계획 작성일
B11: 낙찰율 | D11: 4 | R11: 낙찰율 변경 시 요율 변경 (고객사 제출한 견적 대비 실제 계약 금액 비교)
B12: 현장소장 (PM) | D12: 5 | R12: PM 변경 시 이름 변경
B13: 정산누계(~전년도) | D13: 6 | R13: 집행예산집계표 기준
B14: 당기계획(올해) | D14: 7 | R14: 집행예산집계표 기준
B15: 당기이후(내년) | D15: 8 | R15: 집행예산집계표 기준
B16: 당기이후(내후년~) | D16: 9 | R16: 집행예산집계표 기준
B17: 간접비 요율 | D17: 10 | R17: 집행예산집계표 기준 (요율은 윤지민과장에게 문의)
B18: 일반관리비 요율 | D18: 11 | R18: 집행예산집계표 기준 (요율은 윤지민과장에게 문의)
B19: 국민연금 요율 | D19: 12 | R19: 집행예산산출내역서 기준
B20: 건강보험 요율 | D20: 13 | R20: 집행예산산출내역서 기준
... B22: 고용보험 요율 | D22: 15 | R22: 집행예산산출내역서 기준
B23: 급료 (직원) | C23: 산출내역 | D23: 16 | R23: 집행예산산출내역서 기준 - 부장 7,500,000원, 차장 6,500,000원, 과장 5,500,000원, 대리 4,500,000원, 사원 3,500,000원
C24: 계약금액 | D24: 17 | R24: 집행예산산출내역서 기준
C25: 집행계획 | D25: 18 | R25: 집행예산산출내역서 기준
C26: 정산누계(~2025년) | D26: 19 | R26: 집행예산산출내역서 기준
C27: 당기계획(2026년) | D27: 20 | R27: 집행예산산출내역서 기준
C28: 당기이후(2027년) | D28: 21 | R28: 집행예산산출내역서 기준
C29: 당기이후(2028년~) | D29: 22 | R29: 집행예산산출내역서 기준
B30: 상여금 (직원) | C30: 산출내역 | D30: 23 | R30: 집행예산산출내역서 기준 - 상여가 지급된 달의 전 달 급여 코드에 반영 (ex. 상여가 1월 25일에 지급 됐다면 12월 급여 코드에 상여금 반영, 1M/M 급여로 책정) - 추석상여 (ex. 투입기간 3월~8월이고, 추석이 9월이면 6/9 책정), 설 상여 (1월 혹은 2월 투입 시 책정)
C31: 집행계획 | D31: 24 | R31: 집행예산산출내역서 기준
C32: 정산누계(~2025년) | D32: 25 | R32: 집행예산산출내역서 기준
C33: 당기계획(2026년) | D33: 26 | R33: 집행예산산출내역서 기준
C34: 당기이후(2027년) | D34: 27 | R34: 집행예산산출내역서 기준
C35: 당기이후(2028년~) | D35: 28 | R35: 집행예산산출내역서 기준
B36: 임금 (현장사원) | C36: 산출내역 | D36: 29 | R36: 집행예산산출내역서 기준 - 실급여 기준, 현장사원과 장기 계약이 예정되어 있는 경우 임금 상승분 고려해야 함
C37: 계약금액 | D37: 30 | R37: 집행예산산출내역서 기준
C38: 집행계획 | D38: 31 | R38: 집행예산산출내역서 기준
C39: 정산누계(~2025년) | D39: 32 | R39: 집행예산산출내역서 기준
C40: 당기계획(2026년) | D40: 33 | R40: 집행예산산출내역서 기준
C41: 당기이후(2027년) | D41: 34 | R41: 집행예산산출내역서 기준
C42: 당기이후(2028년~) | D42: 35 | R42: 집행예산산출내역서 기준
B43: 복리후생비 | C43: 산출내역 | D43: 36 | R43: 집행예산산출내역서 기준
C44: 계약금액 | D44: 37 | R44: 집행예산산출내역서 기준
C45: 집행계획 | D45: 38 | R45: 집행예산산출내역서 기준
C46: 정산누계(~2025년) | D46: 39 | R46: 집행예산산출내역서 기준
C47: 당기계획(2026년) | D47: 40 | R47: 집행예산산출내역서 기준
C48: 당기이후(2027년) | D48: 41 | R48: 집행예산산출내역서 기준
C49: 당기이후(2028년~) | D49: 42 | R49: 집행예산산출내역서 기준
B50: 여비교통비 | C50: 산출내역 | D50: 43 | R50: 집행예산산출내역서 기준
C51: 계약금액 | D51: 44 | R51: 집행예산산출내역서 기준
C52: 집행계획 | D52: 45 | R52: 집행예산산출내역서 기준
C53: 정산누계(~2025년) | D53: 46 | R53: 집행예산산출내역서 기준
C54: 당기계획(2026년) | D54: 47 | R54: 집행예산산출내역서 기준
C55: 당기이후(2027년) | D55: 48 | R55: 집행예산산출내역서 기준
C56: 당기이후(2028년~) | D56: 49 | R56: 집행예산산출내역서 기준
B57: 차량유지비 | C57: 산출내역 | D57: 50 | R57: 집행예산산출내역서 기준
C58: 계약금액 | D58: 51 | R58: 집행예산산출내역서 기준
C59: 집행계획 | D59: 52 | R59: 집행예산산출내역서 기준
C60: 정산누계(~2025년) | D60: 53 | R60: 집행예산산출내역서 기준
C61: 당기계획(2026년) | D61: 54 | R61: 집행예산산출내역서 기준
C62: 당기이후(2027년) | D62: 55 | R62: 집행예산산출내역서 기준
C63: 당기이후(2028년~) | D63: 56 | R63: 집행예산산출내역서 기준
B64: 장비비 | C64: 산출내역 | D64: 57 | R64: 집행예산산출내역서 기준
C65: 계약금액 | D65: 58 | R65: 집행예산산출내역서 기준
C66: 집행계획 | D66: 59 | R66: 집행예산산출내역서 기준
C67: 정산누계(~2025년) | D67: 60 | R67: 집행예산산출내역서 기준
C68: 당기계획(2026년) | D68: 61 | R68: 집행예산산출내역서 기준
C69: 당기이후(2027년) | D69: 62 | R69: 집행예산산출내역서 기준
C70: 당기이후(2028년~) | D70: 63 | R70: 집행예산산출내역서 기준
B71: 지급임차료 | C71: 산출내역 | D71: 64 | R71: 집행예산산출내역서 기준 (PJT룸, 노트북 임차 등)
C72: 계약금액 | D72: 65 | R72: 집행예산산출내역서 기준
C73: 집행계획 | D73: 66 | R73: 집행예산산출내역서 기준
C74: 정산누계(~2025년) | D74: 67 | R74: 집행예산산출내역서 기준
C75: 당기계획(2026년) | D75: 68 | R75: 집행예산산출내역서 기준
C76: 당기이후(2027년) | D76: 69 | R76: 집행예산산출내역서 기준
C77: 당기이후(2028년~) | D77: 70 | R77: 집행예산산출내역서 기준
B78: 운반비 | C78: 산출내역 | D78: 71 | R78: 집행예산산출내역서 기준
C79: 계약금액 | D79: 72 | R79: 집행예산산출내역서 기준
C80: 집행계획 | D80: 73 | R80: 집행예산산출내역서 기준
C81: 정산누계(~2025년) | D81: 74 | R81: 집행예산산출내역서 기준
C82: 당기계획(2026년) | D82: 75 | R82: 집행예산산출내역서 기준
C83: 당기이후(2027년) | D83: 76 | R83: 집행예산산출내역서 기준
C84: 당기이후(2028년~) | D84: 77 | R84: 집행예산산출내역서 기준
B85: 통신비 | C85: 산출내역 | D85: 78 | R85: 집행예산산출내역서 기준
C86: 계약금액 | D86: 79 | R86: 집행예산산출내역서 기준
C87: 집행계획 | D87: 80 | R87: 집행예산산출내역서 기준
C88: 정산누계(~2025년) | D88: 81 | R88: 집행예산산출내역서 기준
C89: 당기계획(2026년) | D89: 82 | R89: 집행예산산출내역서 기준
C90: 당기이후(2027년) | D90: 83 | R90: 집행예산산출내역서 기준
C91: 당기이후(2028년~) | D91: 84 | R91: 집행예산산출내역서 기준
B92: 도서인쇄비 | C92: 산출내역 | D92: 85 | R92: 집행예산산출내역서 기준
C93: 계약금액 | D93: 86 | R93: 집행예산산출내역서 기준
C94: 집행계획 | D94: 87 | R94: 집행예산산출내역서 기준
C95: 정산누계(~2025년) | D95: 88 | R95: 집행예산산출내역서 기준
C96: 당기계획(2026년) | D96: 89 | R96: 집행예산산출내역서 기준
C97: 당기이후(2027년) | D97: 90 | R97: 집행예산산출내역서 기준
C98: 당기이후(2028년~) | D98: 91 | R98: 집행예산산출내역서 기준
B99: 안전관리비 | C99: 산출내역 | D99: 92 | R99: 집행예산산출내역서 기준 : 작성 시 결재 라인 추가 (외주구매팀 결재 후, 안전보건팀 결재 진행, 안전보건팀 별도 서류 작성 필요) - 계약검토 당시 안전보건팀에서 안전관리비 산정 필요하다는 회신 있는 경우 투입 인원 * 5만원(금액은 확인 필요)으로 산정
C100: 계약금액 | D100: 93 | R100: 집행예산산출내역서 기준
C101: 집행계획 | D101: 94 | R101: 집행예산산출내역서 기준
C102: 정산누계(~2025년) | D102: 95 | R102: 집행예산산출내역서 기준
...

Sheet 0. 집행계획(갑지)
AH3: 지원팀장 : 가급적 영업지원팀장에게 결재, 부재 시 그 외 지원팀장에게 결재
E4: [ □ 가 ■ 본 ] | H4: 집 행 계 획 서
D7: ="1.공 사 명 : " & 공통!E3 & " (공사코드: " & 공통!K3 & ")" -> 1.공 사 명 : (공사코드: )
D8: ="2.공사기간 : " & 공통!E127 & " (" & 공통!E128 & " 일간)" -> 2.공사기간 : ( 일간)
D9: ="3.현장소장 : " & 공통!E12 & " (서명)" -> 3.현장소장 : (서명) | W9: ="작성일자 : "&TEXT(공통!E10,"yyyy-mm-dd") -> 작성일자 : 1900-01-00
D10: 4.예산집행계획 | X10: [단위:천원,%]
D11: 구 분 | F11: 수주손익 | H11: 계약금액 | J11: 집행계획(A) | L11: 정산누계(B) [~25년] | N11: 당기 계획 (C) | P11: 당기 이후 | W11: 총계(E=B+C+D)
N12: [26년] | P12: [27년] | R12: [28년~] | T12: 소계 [D]
F13: 금 액 | G13: % | H13: 금 액 | I13: % | J13: 금 액 | K13: % | L13: 금 액 | M13: % | N13: 금 액 | O13: % | P13: 금 액 | Q13: % | R13: 금 액 | S13: % | T13: 금 액 | V13: % | W13: 금 액 | X13: %
D14: 매 출 액 | F14: =공통!F4 -> 0 | G14: =IFERROR((F14/F14*100),0) | H14: ='4. 집행예산집계표'!F9 -> 0 | I14: ='4. 집행예산집계표'!G9 -> 0 | J14: ='4. 집행예산집계표'!H9 -> 0 | K14: ='4. 집행예산집계표'!I9 -> 0 | L14: ='4. 집행예산집계표'!J9 -> 0 | M14: =IFERROR(($L14/$J14*100),0) -> 0 | N14: ='4. 집행예산집계표'!L9 -> 0 | O14: =IFERROR((N$14/$J14*100),0) -> 0 | P14: ='4. 집행예산집계표'!N9 -> 0 | Q14: =IFERROR((P$14/$J14*100),0) -> 0 | R14: ='4. 집행예산집계표'!P9 -> 0 | S14: =IFERROR((R$14/$J14*100),0) -> 0 | T14: =P14+R14 -> 0 | V14: =IFERROR((T$14/$J14*100),0) -> 0 | W14: =L14+N14+T14 -> 0 | X14: =IFERROR((W$14/$J14*100),0) -> 0
D15: 재 료 비 | F15: =공통!H4 -> 0 | G15: =IFERROR((F$15/F$14*100),0) -> 0 | H15: ='4. 집행예산집계표'!F10 -> 0 | I15: =IFERROR((H$15/H$14*100),0) -> 0 | J15: ='4. 집행예산집계표'!H10 -> 0 | K15: =IFERROR((J15/J$14*100),0) -> 0 | L15: ='4. 집행예산집계표'!J10 -> 0 | M15: =IFERROR((L15/L$14*100),0) -> 0 | N15: ='4. 집행예산집계표'!L10 -> 0 | O15: =IFERROR((N15/N$14*100),0) -> 0 | P15: ='4. 집행예산집계표'!N10 -> 0 | Q15: =IFERROR((P15/P$14*100),0) -> 0 | R15: ='4. 집행예산집계표'!P10 -> 0 | S15: =IFERROR((R15/R$14*100),0) -> 0 | T15: =P15+R15 -> 0 | V15: =IFERROR((T15/T$14*100),0) -> 0 | W15: =L15+N15+T15 -> 0 | X15: =IFERROR(W$15/W$14*100,0)
D16: 노 무 비 | F16: =공통!J4 -> 0 | G16: =IFERROR((F$16/F$14*100),0) -> 0 | H16: ='4. 집행예산집계표'!F13 -> 0 | I16: =IFERROR((H$16/H$14*100),0) -> 0 | J16: ='4. 집행예산집계표'!H13 -> 0 | K16: =IFERROR((J16/J$14*100),0) -> 0 | L16: ='4. 집행예산집계표'!J13 -> 0 | M16: =IFERROR((L16/L$14*100),0) -> 0 | N16: ='4. 집행예산집계표'!L13 -> 0 | O16: =IFERROR((N16/N$14*100),0) -> 0 | P16: ='4. 집행예산집계표'!N13 -> 0 | Q16: =IFERROR((P16/P$14*100),0) -> 0 | R16: ='4. 집행예산집계표'!P13 -> 0 | S16: =IFERROR((R16/R$14*100),0) -> 0 | T16: =P16+R16 -> 0 | V16: =IFERROR((T16/T$14*100),0) -> 0 | W16: =L16+N16+T16 -> 0 | X16: =IFERROR(W$16/W$14*100,0)
D17: 외 주 비 | F17: =공통!L4 -> 0 | G17: =IFERROR((F$17/F$14*100),0) -> 0 | H17: ='4. 집행예산집계표'!F19 -> 0 | I17: =IFERROR((H$17/H$14*100),0) -> 0 | J17: ='4. 집행예산집계표'!H19 -> 0 | K17: =IFERROR((J17/J$14*100),0) -> 0 | L17: ='4. 집행예산집계표'!J19 -> 0 | M17: =IFERROR((L17/L$14*100),0) -> 0 | N17: ='4. 집행예산집계표'!L19 -> 0 | O17: =IFERROR((N17/N$14*100),0) -> 0 | P17: ='4. 집행예산집계표'!N19 -> 0 | Q17: =IFERROR((P17/P$14*100),0) -> 0 | R17: ='4. 집행예산집계표'!P19 -> 0 | S17: =IFERROR((R17/R$14*100),0) -> 0 | T17: =P17+R17 -> 0 | V17: =IFERROR((T17/T$14*100),0) -> 0 | W17: =L17+N17+T17 -> 0 | X17: =IFERROR(W$17/W$14*100,0)
D18: 경 비 | F18: =공통!N4 | G18: =IFERROR((F$18/F$14*100),0) -> 0 | H18: ='4. 집행예산집계표'!F22 -> 0 | I18: =IFERROR((H$18/H$14*100),0) -> 0 | J18: ='4. 집행예산집계표'!H22 -> 0 | K18: =IFERROR((J18/J$14*100),0) -> 0 | L18: ='4. 집행예산집계표'!J22 -> 0 | M18: =IFERROR((L18/L$14*100),0) -> 0 | N18: ='4. 집행예산집계표'!L22 -> 0 | O18: =IFERROR((N18/N$14*100),0) -> 0 | P18: ='4. 집행예산집계표'!N22 -> 0 | Q18: =IFERROR((P18/P$14*100),0) -> 0 | R18: ='4. 집행예산집계표'!P22 -> 0 | S18: =IFERROR((R18/R$14*100),0) -> 0 | T18: =P18+R18 -> 0 | V18: =IFERROR((T18/T$14*100),0) -> 0 | W18: =L18+N18+T18 -> 0 | X18: =IFERROR(W$18/W$14*100,0)
D19: 합 계 | F19: =SUM(F15:F18) -> 0 | G19: =IFERROR((F19/F14*100),0) -> 0 | H19: =SUM(H15:H18) -> 0 | I19: =IFERROR((H19/H14*100),0) -> 0 | J19: =SUM(J15:J18) -> 0 | K19: =IFERROR((J19/J$14*100),0) -> 0 | L19: =SUM(L15:L18) -> 0 | M19: =IFERROR((L19/L$14*100),0) -> 0 | N19: =SUM(N15:N18) -> 0 | O19: =IFERROR((N19/N$14*100),0) -> 0 | P19: =SUM(P15:P18) -> 0 | Q19: =IFERROR((P19/P$14*100),0) -> 0 | R19: =SUM(R15:R18) -> 0 | S19: =IFERROR((R19/R$14*100),0) -> 0 | T19: =SUM(T15:U18) -> 0 | V19: =IFERROR((T19/T$14*100),0) -> 0 | W19: =SUM(W15:W18) -> 0 | X19: =IFERROR(W19/W14*100,0)
D20: 영업이익 | F20: =공통!P4 | G20: =IFERROR((F20/F14*100),0) -> 0 | J20: ='4. 집행예산집계표'!H42 -> 0 | K20: =IFERROR((J20/J$14*100),0) -> 0 | L20: ='4. 집행예산집계표'!J42 -> 0 | M20: =IFERROR((L20/L$14*100),0) -> 0 | N20: ='4. 집행예산집계표'!L42 -> 0 | O20: =IFERROR((N20/N$14*100),0) -> 0 | P20: ='4. 집행예산집계표'!N42 -> 0 | Q20: =IFERROR((P20/P$14*100),0) -> 0 | R20: ='4. 집행예산집계표'!P42 -> 0 | S20: =IFERROR((R20/R$14*100),0) -> 0 | T20: ='4. 집행예산집계표'!R42 -> 0 | V20: =IFERROR((T20/T$14*100),0) -> 0 | W20: ='4. 집행예산집계표'!T42 -> 0 | X20: =IFERROR(W20/W14*100,0)
D21: 5. 특기사항
D22: 1) 계약관계
D23: =" ① 발주처 : " & 공통!M3 -> ① 발주처 : | Q23: 조 건 | S23: 보증요율 | V23: 보증 금액[VAT별도]
D24: =" ② 계약처 : " & 공통!O3 -> ② 계약처 : | Q24: 선 급 금 | S24: ■ 무 □ 유( %) | V24: 천원 | AA24: 계약서 명시 내용 작성
D25: =" ③ 계약방식 : " & 공통!G5 -> ③ 계약방식 : | Q25: 계약이행 | S25: ■ 무 □ 유( %) | V25: 천원 | AA25: 계약서 명시 내용 작성
D26: =" ④ 기성, 수금 : " & 공통!I5 -> ④ 기성, 수금 : | Q26: 하자보수 | S26: ■ 무 □ 유( %) | V26: 천원 | AA26: 계약서 명시 내용 작성
D27: 2) 공사범위 | S27: ( 준 공 ) 후 ( )개월 | AA27: 계약서 명시 내용 작성
D28: =" ① " & 공통!E129 -> ① | Q28: 수 금 | S28: ■현금(30일) □어음(00일) □현금( %)+어음( %) | AA28: 현금/어음/현금+어음 혼합 각각 확인
D29: 3) 특수 계약조건 / 이슈내용 / 기타
Q30: 원가산출 기준 등
Q31: 계약물량 | S31: ■ 확정 □ 기타( ) | AA31: 계약 물량은 확정만 사용
S32: □ 부분실행 [ 물량확정 ( )월 후 예상 ]
Q33: 집행물량 | S33: ■ 계약 □ 도면검토 후 산출 | AA33: 집행 물량은 계약만 사용
Q34: 자재단가 | S34: □ 구매 ■ 최종 NEGO가 적용 | AA34: H/W가 있으면 구매, 없으면 견적 100%
Q35: 인 건 비 | S35: □ 정부품셈 대비 (35%+할증 30% 적용) ■ 기타 | AA35: 인건비는 무조건 기타만 사용
Q37: 구분 | S37: 절감액(0월말 기준) | V37: % | W37: 반영여부
Q38: 구매절감 | W38: 미반영
Q39: 외주절감 | W39: 미반영
Q40: 계
D42: ■ 첨 부 : 1.현장조직/업무분장 2.공사개요 3.예정공정표 4.집행예산집계표 5.집행예산 산출내역서(재료, 인력, 소모품) 6.동원계획(장비, 지급임차료, 인원 )
D44: GS네오텍 Page : | W44: GP-4050-01(1)

Sheet 4. 집행예산집계표
C2: 공사집행예산 집계표
C5: ='0. 집행계획(갑지)'!D7 -> 1.공 사 명 : (공사코드: ) | V5: 【 단위 : % , 천원 】
C6: 계 약 사 항 | E6: 구분 항목 | F6: 계약금액 | H6: 집 행 계 획(A) | J6: 정산누계(B) [~25년] | L6: 당기 계획 (C) | N6: 당기이후 | T6: 총계(E=B+C+D) | V6: 비고
L7: [26년] | N7: [27년] | P7: [28년~] | R7: 소계 (D)
F8: 금액 | G8: % | H8: 금액 | I8: % | J8: 금액 | K8: % | L8: 금액 | M8: % | N8: 금액 | O8: % | P8: 금액 | Q8: % | R8: 금액 | S8: % | T8: 금액 | U8: %
E9: 매출액 | F9: =F10+F13+F22 -> 0 | H9: =F9 -> 0 | I9: =G9 -> 0 | J9: =IFERROR((H9*공통!E13),0) -> 0 | K9: =IFERROR((J9/H9*100),0) -> 0 | L9: =IFERROR((H9*공통!E14),0) -> 0 | M9: =IFERROR((L9/H9*100),0) -> 0 | N9: =IFERROR((H9*공통!E15),0) -> 0 | O9: =IFERROR((N9/H9*100),0) -> 0 | P9: =IFERROR((H9*공통!E16),0) -> 0 | Q9: =IFERROR((P9/H9*100),0) -> 0 | R9: =N9+P9 -> 0 | S9: =IFERROR((R9/H9*100),0) -> 0 | T9: =J9+L9+R9 -> 0 | U9: =IFERROR((T9/H9*100),0) -> 0 | Y9: 25년도 3개월 25%, 26년도 9개월 75% (2025년 9월 15일~2026년 9월 14일)
C10: =" 1. 발 주 자 : "&공통!M3 -> 1. 발 주 자 : | E10: 재료비 | F10: =F11+F12 -> 0 | G10: =IFERROR((F10/F9*100),0) -> 0 | H10: =H11+H12 -> 0 | I10: =IFERROR((H10/H9*100),0) -> 0 | J10: =J11+J12 -> 0 | K10: =IFERROR((J10/J9*100),0) -> 0 | L10: =L11+L12 -> 0 | M10: =IFERROR((L10/L9*100),0) -> 0 | N10: =N11+N12 -> 0 | O10: =IFERROR((N10/N9*100),0) -> 0 | P10: =P11+P12 -> 0 | Q10: =IFERROR((P10/P9*100),0) -> 0 | R10: =N10+P10 -> 0 | S10: =IFERROR((R10/R9*100),0) -> 0 | T10: =J10+L10+R10 -> 0 | U10: =IFERROR((T10/T9*100),0) -> 0
E11: 본사재료비 | F11: ='5.집행예산산출내역서'!F8/1000 -> 0 | G11: =IFERROR((F11/F9*100),0) -> 0 | H11: ='5.집행예산산출내역서'!G8/1000 -> 0 | I11: =IFERROR((H11/H9*100),0) -> 0 | J11: ='5.집행예산산출내역서'!H8/1000 -> 0 | K11: =IFERROR((J11/J9*100),0) -> 0 | L11: ='5.집행예산산출내역서'!I8/1000 -> 0 | M11: =IFERROR((L11/L9*100),0) -> 0 | N11: ='5.집행예산산출내역서'!J8/1000 -> 0 | O11: =IFERROR((N11/N9*100),0) -> 0 | P11: ='5.집행예산산출내역서'!K8/1000 -> 0 | Q11: =IFERROR((P11/P9*100),0) -> 0 | R11: =N11+P11 -> 0 | S11: =IFERROR((R11/R9*100),0) -> 0 | T11: =J11+L11+R11 -> 0 | U11: =IFERROR((T11/T9*100),0) -> 0
C12: =" 2. 계약방법 : " & 공통!G5 -> 2. 계약방법 : | E12: 현지재료비 | F12: ='5.집행예산산출내역서'!F9/1000 -> 0 | G12: =IFERROR((F12/F9*100),0) -> 0 | H12: ='5.집행예산산출내역서'!G9/1000 -> 0 | I12: =IFERROR((H12/H9*100),0) -> 0 | J12: ='5.집행예산산출내역서'!H9/1000 -> 0 | K12: =IFERROR((J12/J9*100),0) -> 0 | L12: ='5.집행예산산출내역서'!I9/1000 -> 0 | M12: =IFERROR((L12/L9*100),0) -> 0 | N12: ='5.집행예산산출내역서'!J9/1000 -> 0 | O12: =IFERROR((N12/N9*100),0) -> 0 | P12: ='5.집행예산산출내역서'!K9/1000 -> 0 | Q12: =IFERROR((P12/P9*100),0) -> 0 | R12: =N12+P12 -> 0 | S12: =IFERROR((R12/R9*100),0) -> 0 | T12: =J12+L12+R12 -> 0 | U12: =IFERROR((T12/T9*100),0) -> 0
E13: 노무비 | F13: =SUM(F14:F18) -> 0 | G13: =IFERROR((F13/F9*100),0) -> 0 | H13: =SUM(H14:H18) -> 0 | I13: =IFERROR((H13/H9*100),0) -> 0 | J13: =SUM(J14:J18) -> 0 | K13: =IFERROR((J13/J9*100),0) -> 0 | L13: =SUM(L14:L18) -> 0 | M13: =IFERROR((L13/L9*100),0) -> 0 | N13: =SUM(N14:N18) -> 0 | O13: =IFERROR((N13/N9*100),0) -> 0 | P13: =SUM(P14:P18) -> 0 | Q13: =IFERROR((P13/P9*100),0) -> 0 | R13: =N13+P13 -> 0 | S13: =IFERROR((R13/R9*100),0) -> 0 | T13: =J13+L13+R13 -> 0 | U13: =IFERROR((T13/T9*100),0) -> 0
C14: =" 3. 낙 찰 율 : " & TEXT(공통!E11, "0%") -> 3. 낙 찰 율 : 0% | E14: 급료(직원) | F14: ='5.집행예산산출내역서'!F11/1000 -> 0 | G14: =IFERROR((F14/F9*100),0) -> 0 | H14: ='5.집행예산산출내역서'!G11/1000 -> 0 | I14: =IFERROR((H14/H9*100),0) -> 0 | J14: ='5.집행예산산출내역서'!H11/1000 -> 0 | K14: =IFERROR((J14/J9*100),0) -> 0 | L14: ='5.집행예산산출내역서'!I11/1000 -> 0 | M14: =IFERROR((L14/L9*100),0) -> 0 | N14: ='5.집행예산산출내역서'!J11/1000 -> 0 | O14: =IFERROR((N14/N9*100),0) -> 0 | P14: ='5.집행예산산출내역서'!K11/1000 -> 0 | Q14: =IFERROR((P14/P9*100),0) -> 0 | R14: =N14+P14 -> 0 | S14: =IFERROR((R14/R9*100),0) -> 0 | T14: =J14+L14+R14 -> 0 | U14: =IFERROR((T14/T9*100),0) -> 0
E15: 임금(현장) | F15: ='5.집행예산산출내역서'!F13/1000 -> 0 | G15: =IFERROR((F15/F9*100),0) -> 0 | H15: ='5.집행예산산출내역서'!G13/1000 -> 0 | I15: =IFERROR((H15/H9*100),0) -> 0 | J15: ='5.집행예산산출내역서'!H13/1000 -> 0 | K15: =IFERROR((J15/J9*100),0) -> 0 | L15: ='5.집행예산산출내역서'!I13/1000 -> 0 | M15: =IFERROR((L15/L9*100),0) -> 0 | N15: ='5.집행예산산출내역서'!J13/1000 -> 0 | O15: =IFERROR((N15/N9*100),0) -> 0 | P15: ='5.집행예산산출내역서'!K13/1000 -> 0 | Q15: =IFERROR((P15/P9*100),0) -> 0 | R15: =N15+P15 -> 0 | S15: =IFERROR((R15/R9*100),0) -> 0 | T15: =J15+L15+R15 -> 0 | U15: =IFERROR((T15/T9*100),0) -> 0
C16: 4. 공사기간 : | E16: 상여금(직원) | F16: ='5.집행예산산출내역서'!F15/1000 -> 0 | G16: =IFERROR((F16/F9*100),0) -> 0 | H16: ='5.집행예산산출내역서'!G15/1000 -> 0 | I16: =IFERROR((H16/H9*100),0) -> 0 | J16: ='5.집행예산산출내역서'!H15/1000 -> 0 | K16: =IFERROR((J16/J9*100),0) -> 0 | L16: ='5.집행예산산출내역서'!I15/1000 -> 0 | M16: =IFERROR((L16/L9*100),0) -> 0 | N16: ='5.집행예산산출내역서'!J15/1000 -> 0 | O16: =IFERROR((N16/N9*100),0) -> 0 | P16: ='5.집행예산산출내역서'!K15/1000 -> 0 | Q16: =IFERROR((P16/P9*100),0) -> 0 | R16: =N16+P16 -> 0 | S16: =IFERROR((R16/R9*100),0) -> 0 | T16: =J16+L16+R16 -> 0 | U16: =IFERROR((T16/T9*100),0) -> 0
C17: =" " & 공통!E127 | E17: 퇴직금(직원) | F17: ='5.집행예산산출내역서'!F17/1000 -> 0 | G17: =IFERROR((F17/F9*100),0) -> 0 | H17: ='5.집행예산산출내역서'!G17/1000 -> 0 | I17: =IFERROR((H17/H9*100),0) -> 0 | J17: ='5.집행예산산출내역서'!H17/1000 -> 0 | K17: =IFERROR((J17/J9*100),0) -> 0 | L17: ='5.집행예산산출내역서'!I17/1000 -> 0 | M17: =IFERROR((L17/L9*100),0) -> 0 | N17: ='5.집행예산산출내역서'!J17/1000 -> 0 | O17: =IFERROR((N17/N9*100),0) -> 0 | P17: ='5.집행예산산출내역서'!K17/1000 -> 0 | Q17: =IFERROR((P17/P9*100),0) -> 0 | R17: =N17+P17 -> 0 | S17: =IFERROR((R17/R9*100),0) -> 0 | T17: =J17+L17+R17 -> 0 | U17: =IFERROR((T17/T9*100),0) -> 0
E18: 퇴직금(현장) | F18: ='5.집행예산산출내역서'!F19/1000 -> 0 | G18: =IFERROR((F18/F9*100),0) -> 0 | H18: ='5.집행예산산출내역서'!G19/1000 -> 0 | I18: =IFERROR((H18/H9*100),0) -> 0 | J18: ='5.집행예산산출내역서'!H19/1000 -> 0 | K18: =IFERROR((J18/J9*100),0) -> 0 | L18: ='5.집행예산산출내역서'!I19/1000 -> 0 | M18: =IFERROR((L18/L9*100),0) -> 0 | N18: ='5.집행예산산출내역서'!J19/1000 -> 0 | O18: =IFERROR((N18/N9*100),0) -> 0 | P18: ='5.집행예산산출내역서'!K19/1000 -> 0 | Q18: =IFERROR((P18/P9*100),0) -> 0 | R18: =N18+P18 -> 0 | S18: =IFERROR((R18/R9*100),0) -> 0 | T18: =J18+L18+R18 -> 0 | U18: =IFERROR((T18/T9*100),0) -> 0
C19: =" 5. 계약 금액 : " & TEXT(F9, "#,##0") & " 천원" -> 5. 계약 금액 : 0 천원 | E19: 외주비 | F19: =SUM(F20:F21) -> 0 | G19: =IFERROR((F19/F9*100),0) -> 0 | H19: =SUM(H20:H21) -> 0 | I19: =IFERROR((H19/H9*100),0) -> 0 | J19: =SUM(J20:J21) -> 0 | K19: =IFERROR((J19/J9*100),0) -> 0 | L19: =SUM(L20:L21) -> 0 | M19: =IFERROR((L19/L9*100),0) -> 0 | N19: =SUM(N20:N21) -> 0 | O19: =IFERROR((N19/N9*100),0) -> 0 | P19: =SUM(P20:P21) -> 0 | Q19: =IFERROR((P19/P9*100),0) -> 0 | R19: =N19+P19 -> 0 | S19: =IFERROR((R19/R9*100),0) -> 0 | T19: =J19+L19+R19 -> 0 | U19: =IFERROR((T19/T9*100),0) -> 0
C20: =" 재 료 비 : " & TEXT(F10, "#,##0") & " 천원" -> 재 료 비 : 0 천원 | E20: 외주용역비 | F20: ='5.집행예산산출내역서'!F22 -> 0 | G20: =IFERROR((F20/F9*100),0) -> 0 | H20: ='5.집행예산산출내역서'!G22 -> 0 | I20: =IFERROR((H20/H9*100),0) -> 0 | J20: ='5.집행예산산출내역서'!H22 -> 0 | K20: =IFERROR((J20/J9*100),0) -> 0 | L20: ='5.집행예산산출내역서'!I22 -> 0 | M20: =IFERROR((L20/L9*100),0) -> 0 | N20: ='5.집행예산산출내역서'!J22 -> 0 | O20: =IFERROR((N20/N9*100),0) -> 0 | P20: ='5.집행예산산출내역서'!K22 -> 0 | Q20: =IFERROR((P20/P9*100),0) -> 0 | R20: ='5.집행예산산출내역서'!L22 -> 0 | S20: =IFERROR((R20/R9*100),0) -> 0 | T20: =J20+L20+R20 -> 0 | U20: =IFERROR((T20/T9*100),0) -> 0 | W20: =U20+S20 -> 0
C21: =" 노 무 비 : " & TEXT(F13, "#,##0") & " 천원" -> 노 무 비 : 0 천원 | E21: 외주가공비 | F21: ='5.집행예산산출내역서'!F23 -> 0 | G21: =IFERROR((F21/F9*100),0) -> 0 | H21: ='5.집행예산산출내역서'!G23 -> 0 | I21: =IFERROR((H21/H9*100),0) -> 0 | J21: ='5.집행예산산출내역서'!H23 -> 0 | K21: =IFERROR((J21/J9*100),0) -> 0 | L21: ='5.집행예산산출내역서'!I23 -> 0 | M21: =IFERROR((L21/L9*100),0) -> 0 | N21: ='5.집행예산산출내역서'!J23 -> 0 | O21: =IFERROR((N21/N9*100),0) -> 0 | P21: ='5.집행예산산출내역서'!K23 -> 0 | Q21: =IFERROR((P21/P9*100),0) -> 0 | R21: ='5.집행예산산출내역서'!L23 -> 0 | S21: =IFERROR((R21/R9*100),0) -> 0 | T21: =J21+L21+R21 -> 0 | U21: =IFERROR((T21/T9*100),0) -> 0 | W21: =U21+S21 -> 0
C22: =" 외 주 비 : " & TEXT(F19, "#,##0") & " 천원" -> 외 주 비 : 0 천원 | E22: 경 비 | F22: =SUM(F23:F37) -> 0 | G22: =IFERROR((F22/F9*100),0) -> 0 | H22: =SUM(H23:H37) -> 0 | I22: =IFERROR((H22/H9*100),0) -> 0 | J22: =SUM(J23:J37) -> 0 | K22: =IFERROR((J22/J9*100),0) -> 0 | L22: =SUM(L23:L37) -> 0 | M22: =IFERROR((L22/L9*100),0) -> 0 | N22: =SUM(N23:N37) -> 0 | O22: =IFERROR((N22/N9*100),0) -> 0 | P22: =SUM(P23:P37) -> 0 | Q22: =IFERROR((P22/P9*100),0) -> 0 | R22: =N22+P22 -> 0 | S22: =IFERROR((R22/R9*100),0) -> 0 | T22: =J22+L22+R22 -> 0 | U22: =IFERROR((T22/T9*100),0) -> 0
C23: =" 경 비 : " & TEXT(F22, "#,##0") & " 천원" -> 경 비 : 0 천원 | E23: 복리후생비 | F23: ='5.집행예산산출내역서'!F25/1000 -> 0 | G23: =IFERROR((F23/F9*100),0) -> 0 | H23: ='5.집행예산산출내역서'!G25/1000 -> 0 | I23: =IFERROR((H23/H9*100),0) -> 0 | J23: ='5.집행예산산출내역서'!H25/1000 -> 0 | K23: =IFERROR((J23/J9*100),0) -> 0 | L23: ='5.집행예산산출내역서'!I25/1000 -> 0 | M23: =IFERROR((L23/L9*100),0) -> 0 | N23: ='5.집행예산산출내역서'!J25/1000 -> 0 | O23: =IFERROR((N23/N9*100),0) -> 0 | P23: ='5.집행예산산출내역서'!K25/1000 -> 0 | Q23: =IFERROR((P23/P9*100),0) -> 0 | R23: =N23+P23 -> 0 | S23: =IFERROR((R23/R9*100),0) -> 0 | T23: =J23+L23+R23 -> 0 | U23: =IFERROR((T23/T9*100),0) -> 0
E24: 보험료 | F24: ='5.집행예산산출내역서'!F26/1000 -> 0 | G24: =IFERROR((F24/F9*100),0) -> 0 | H24: ='5.집행예산산출내역서'!G26/1000 -> 0 | I24: =IFERROR((H24/H9*100),0) -> 0 | J24: ='5.집행예산산출내역서'!H26/1000 -> 0 | K24: =IFERROR((J24/J9*100),0) -> 0 | L24: ='5.집행예산산출내역서'!I26/1000 -> 0 | M24: =IFERROR((L24/L9*100),0) -> 0 | N24: ='5.집행예산산출내역서'!J26/1000 -> 0 | O24: =IFERROR((N24/N9*100),0) -> 0 | P24: ='5.집행예산산출내역서'!K26/1000 -> 0 | Q24: =IFERROR((P24/P9*100),0) -> 0 | R24: =N24+P24 -> 0 | S24: =IFERROR((R24/R9*100),0) -> 0 | T24: =J24+L24+R24 -> 0 | U24: =IFERROR((T24/T9*100),0) -> 0 | V24: 보험료 정산조건
C25: =" 6. 현장소장 : " & 공통!E12 & " (서명)" -> 6. 현장소장 : (서명) | E25: 장비비 | F25: ='5.집행예산산출내역서'!F38/1000 -> 0 | G25: =IFERROR((F25/F9*100),0) -> 0 | H25: ='5.집행예산산출내역서'!G38/1000 -> 0 | I25: =IFERROR((H25/H9*100),0) -> 0 | J25: ='5.집행예산산출내역서'!H38/1000 -> 0 | K25: =IFERROR((J25/J9*100),0) -> 0 | L25: ='5.집행예산산출내역서'!I38/1000 -> 0 | M25: =IFERROR((L25/L9*100),0) -> 0 | N25: ='5.집행예산산출내역서'!J38/1000 -> 0 | O25: =IFERROR((N25/N9*100),0) -> 0 | P25: ='5.집행예산산출내역서'!K38/1000 -> 0 | Q25: =IFERROR((P25/P9*100),0) -> 0 | R25: =N25+P25 -> 0 | S25: =IFERROR((R25/R9*100),0) -> 0 | T25: =J25+L25+R25 -> 0 | U25: =IFERROR((T25/T9*100),0) -> 0
E26: 지급임차비 | F26: ='5.집행예산산출내역서'!F39/1000 -> 0 | G26: =IFERROR((F26/F9*100),0) -> 0 | H26: ='5.집행예산산출내역서'!G39/1000 -> 0 | I26: =IFERROR((H26/H9*100),0) -> 0 | J26: ='5.집행예산산출내역서'!H39/1000 -> 0 | K26: =IFERROR((J26/J9*100),0) -> 0 | L26: ='5.집행예산산출내역서'!I39/1000 -> 0 | M26: =IFERROR((L26/L9*100),0) -> 0 | N26: ='5.집행예산산출내역서'!J39/1000 -> 0 | O26: =IFERROR((N26/N9*100),0) -> 0 | P26: ='5.집행예산산출내역서'!K39/1000 -> 0 | Q26: =IFERROR((P26/P9*100),0) -> 0 | R26: =N26+P26 -> 0 | S26: =IFERROR((R26/R9*100),0) -> 0 | T26: =J26+L26+R26 -> 0 | U26: =IFERROR((T26/T9*100),0) -> 0
E27: 운 반 비 | F27: ='5.집행예산산출내역서'!F40/1000 -> 0 | G27: =IFERROR((F27/F9*100),0) -> 0 | H27: ='5.집행예산산출내역서'!G40/1000 -> 0 | I27: =IFERROR((H27/H9*100),0) -> 0 | J27: ='5.집행예산산출내역서'!H40/1000 -> 0 | K27: =IFERROR((J27/J9*100),0) -> 0 | L27: ='5.집행예산산출내역서'!I40/1000 -> 0 | M27: =IFERROR((L27/L9*100),0) -> 0 | N27: ='5.집행예산산출내역서'!J40/1000 -> 0 | O27: =IFERROR((N27/N9*100),0) -> 0 | P27: ='5.집행예산산출내역서'!K40/1000 -> 0 | Q27: =IFERROR((P27/P9*100),0) -> 0 | R27: =N27+P27 -> 0 | S27: =IFERROR((R27/R9*100),0) -> 0 | T27: =J27+L27+R27 -> 0 | U27: =IFERROR((T27/T9*100),0) -> 0
E28: 회 선 비(CDN) | F28: ='5.집행예산산출내역서'!F41/1000 -> 0 | G28: =IFERROR((F28/F9*100),0) -> 0 | H28: ='5.집행예산산출내역서'!G41/1000 -> 0 | I28: =IFERROR((H28/H9*100),0) -> 0 | J28: ='5.집행예산산출내역서'!H41/1000 -> 0 | K28: =IFERROR((J28/J9*100),0) -> 0 | L28: ='5.집행예산산출내역서'!I41/1000 -> 0 | M28: =IFERROR((L28/L9*100),0) -> 0 | N28: ='5.집행예산산출내역서'!J41/1000 -> 0 | O28: =IFERROR((N28/N9*100),0) -> 0 | P28: ='5.집행예산산출내역서'!K41/1000 -> 0 | Q28: =IFERROR((P28/P9*100),0) -> 0 | R28: =N28+P28 -> 0 | S28: =IFERROR((R28/R9*100),0) -> 0 | T28: =J28+L28+R28 -> 0 | U28: =IFERROR((T28/T9*100),0) -> 0
E29: 소모품비 | F29: ='5.집행예산산출내역서'!F44/1000 -> 0 | G29: =IFERROR((F29/F9*100),0) -> 0 | H29: ='5.집행예산산출내역서'!G44/1000 -> 0 | I29: =IFERROR((H29/H9*100),0) -> 0 | J29: ='5.집행예산산출내역서'!H44/1000 -> 0 | K29: =IFERROR((J29/J9*100),0) -> 0 | L29: ='5.집행예산산출내역서'!I44/1000 -> 0 | M29: =IFERROR((L29/L9*100),0) -> 0 | N29: ='5.집행예산산출내역서'!J44/1000 -> 0 | O29: =IFERROR((N29/N9*100),0) -> 0 | P29: ='5.집행예산산출내역서'!K44/1000 -> 0 | Q29: =IFERROR((P29/P9*100),0) -> 0 | R29: =N29+P29 -> 0 | S29: =IFERROR((R29/R9*100),0) -> 0 | T29: =J29+L29+R29 -> 0 | U29: =IFERROR((T29/T9*100),0) -> 0
E30: 수도광열비 | F30: ='5.집행예산산출내역서'!F47/1000 -> 0 | G30: =IFERROR((F30/F9*100),0) -> 0 | H30: ='5.집행예산산출내역서'!G47/1000 -> 0 | I30: =IFERROR((H30/H9*100),0) -> 0 | J30: ='5.집행예산산출내역서'!H47/1000 -> 0 | K30: =IFERROR((J30/J9*100),0) -> 0 | L30: ='5.집행예산산출내역서'!I47/1000 -> 0 | M30: =IFERROR((L30/L9*100),0) -> 0 | N30: ='5.집행예산산출내역서'!J47/1000 -> 0 | O30: =IFERROR((N30/N9*100),0) -> 0 | P30: ='5.집행예산산출내역서'!K47/1000 -> 0 | Q30: =IFERROR((P30/P9*100),0) -> 0 | R30: =N30+P30 -> 0 | S30: =IFERROR((R30/R9*100),0) -> 0 | T30: =J30+L30+R30 -> 0 | U30: =IFERROR((T30/T9*100),0) -> 0
E31: 여비교통비 | F31: ='5.집행예산산출내역서'!F48/1000 -> 0 | G31: =IFERROR((F31/F9*100),0) -> 0 | H31: ='5.집행예산산출내역서'!G48/1000 -> 0 | I31: =IFERROR((H31/H9*100),0) -> 0 | J31: ='5.집행예산산출내역서'!H48/1000 -> 0 | K31: =IFERROR((J31/J9*100),0) -> 0 | L31: ='5.집행예산산출내역서'!I48/1000 -> 0 | M31: =IFERROR((L31/L9*100),0) -> 0 | N31: ='5.집행예산산출내역서'!J48/1000 -> 0 | O31: =IFERROR((N31/N9*100),0) -> 0 | P31: ='5.집행예산산출내역서'!K48/1000 -> 0 | Q31: =IFERROR((P31/P9*100),0) -> 0 | R31: =N31+P31 -> 0 | S31: =IFERROR((R31/R9*100),0) -> 0 | T31: =J31+L31+R31 -> 0 | U31: =IFERROR((T31/T9*100),0) -> 0
E32: 통 신 비 | F32: ='5.집행예산산출내역서'!F49/1000 -> 0 | G32: =IFERROR((F32/F9*100),0) -> 0 | H32: ='5.집행예산산출내역서'!G49/1000 -> 0 | I32: =IFERROR((H32/H9*100),0) -> 0 | J32: ='5.집행예산산출내역서'!H49/1000 -> 0 | K32: =IFERROR((J32/J9*100),0) -> 0 | L32: ='5.집행예산산출내역서'!I49/1000 -> 0 | M32: =IFERROR((L32/L9*100),0) -> 0 | N32: ='5.집행예산산출내역서'!J49/1000 -> 0 | O32: =IFERROR((N32/N9*100),0) -> 0 | P32: ='5.집행예산산출내역서'!K49/1000 -> 0 | Q32: =IFERROR((P32/P9*100),0) -> 0 | R32: =N32+P32 -> 0 | S32: =IFERROR((R32/R9*100),0) -> 0 | T32: =J32+L32+R32 -> 0 | U32: =IFERROR((T32/T9*100),0) -> 0
E33: 도서인쇄비 | F33: ='5.집행예산산출내역서'!F50/1000 -> 0 | G33: =IFERROR((F33/F9*100),0) -> 0 | H33: ='5.집행예산산출내역서'!G50/1000 -> 0 | I33: =IFERROR((H33/H9*100),0) -> 0 | J33: ='5.집행예산산출내역서'!H50/1000 -> 0 | K33: =IFERROR((J33/J9*100),0) -> 0 | L33: ='5.집행예산산출내역서'!I50/1000 -> 0 | M33: =IFERROR((L33/L9*100),0) -> 0 | N33: ='5.집행예산산출내역서'!J50/1000 -> 0 | O33: =IFERROR((N33/N9*100),0) -> 0 | P33: ='5.집행예산산출내역서'!K50/1000 -> 0 | Q33: =IFERROR((P33/P9*100),0) -> 0 | R33: =N33+P33 -> 0 | S33: =IFERROR((R33/R9*100),0) -> 0 | T33: =J33+L33+R33 -> 0 | U33: =IFERROR((T33/T9*100),0) -> 0
E34: 차량유지비 | F34: ='5.집행예산산출내역서'!F51/1000 -> 0 | G34: =IFERROR((F34/F9*100),0) -> 0 | H34: ='5.집행예산산출내역서'!G51/1000 -> 0 | I34: =IFERROR((H34/H9*100),0) -> 0 | J34: ='5.집행예산산출내역서'!H51/1000 -> 0 | K34: =IFERROR((J34/J9*100),0) -> 0 | L34: ='5.집행예산산출내역서'!I51/1000 -> 0 | M34: =IFERROR((L34/L9*100),0) -> 0 | N34: ='5.집행예산산출내역서'!J51/1000 -> 0 | O34: =IFERROR((N34/N9*100),0) -> 0 | P34: ='5.집행예산산출내역서'!K51/1000 -> 0 | Q34: =IFERROR((P34/P9*100),0) -> 0 | R34: =N34+P34 -> 0 | S34: =IFERROR((R34/R9*100),0) -> 0 | T34: =J34+L34+R34 -> 0 | U34: =IFERROR((T34/T9*100),0) -> 0
E35: 수 수 료 | F35: ='5.집행예산산출내역서'!F52/1000 -> 0 | G35: =IFERROR((F35/F9*100),0) -> 0 | H35: ='5.집행예산산출내역서'!G52/1000 -> 0 | I35: =IFERROR((H35/H9*100),0) -> 0 | J35: ='5.집행예산산출내역서'!H52/1000 -> 0 | K35: =IFERROR((J35/J9*100),0) -> 0 | L35: ='5.집행예산산출내역서'!I52/1000 -> 0 | M35: =IFERROR((L35/L9*100),0) -> 0 | N35: ='5.집행예산산출내역서'!J52/1000 -> 0 | O35: =IFERROR((N35/N9*100),0) -> 0 | P35: ='5.집행예산산출내역서'!K52/1000 -> 0 | Q35: =IFERROR((P35/P9*100),0) -> 0 | R35: =N35+P35 -> 0 | S35: =IFERROR((R35/R9*100),0) -> 0 | T35: =J35+L35+R35 -> 0 | U35: =IFERROR((T35/T9*100),0) -> 0
E36: 안전관리비 | F36: ='5.집행예산산출내역서'!F55/1000 -> 0 | G36: =IFERROR((F36/F9*100),0) -> 0 | H36: ='5.집행예산산출내역서'!G55/1000 -> 0 | I36: =IFERROR((H36/H9*100),0) -> 0 | J36: ='5.집행예산산출내역서'!H55/1000 -> 0 | K36: =IFERROR((J36/J9*100),0) -> 0 | L36: ='5.집행예산산출내역서'!I55/1000 -> 0 | M36: =IFERROR((L36/L9*100),0) -> 0 | N36: ='5.집행예산산출내역서'!J55/1000 -> 0 | O36: =IFERROR((N36/N9*100),0) -> 0 | P36: ='5.집행예산산출내역서'!K55/1000 -> 0 | Q36: =IFERROR((P36/P9*100),0) -> 0 | R36: =N36+P36 -> 0 | S36: =IFERROR((R36/R9*100),0) -> 0 | T36: =J36+L36+R36 -> 0 | U36: =IFERROR((T36/T9*100),0) -> 0 | V36: 안전관리비 정산
E37: 기 타 | F37: ='5.집행예산산출내역서'!F56/1000 -> 0 | G37: =IFERROR((F37/F9*100),0) -> 0 | H37: ='5.집행예산산출내역서'!G56/1000 -> 0 | I37: =IFERROR((H37/H9*100),0) -> 0 | J37: ='5.집행예산산출내역서'!H56/1000 -> 0 | K37: =IFERROR((J37/J9*100),0) -> 0 | L37: ='5.집행예산산출내역서'!I56/1000 -> 0 | M37: =IFERROR((L37/L9*100),0) -> 0 | N37: ='5.집행예산산출내역서'!J56/1000 -> 0 | O37: =IFERROR((N37/N9*100),0) -> 0 | P37: ='5.집행예산산출내역서'!K56/1000 -> 0 | Q37: =IFERROR((P37/P9*100),0) -> 0 | R37: =N37+P37 -> 0 | S37: =IFERROR((R37/R9*100),0) -> 0 | T37: =J37+L37+R37 -> 0 | U37: =IFERROR((T37/T9*100),0) -> 0
E38: 공사비 계 | F38: =F10+F13+F19+F22 -> 0 | G38: =IFERROR((F38/F9*100),0) -> 0 | H38: =H10+H13+H19+H22 -> 0 | I38: =IFERROR((H38/H9*100),0) -> 0 | J38: =J10+J13+J19+J22 -> 0 | K38: =IFERROR((J38/J9*100),0) -> 0 | L38: =L10+L13+L19+L22 -> 0 | M38: =IFERROR((L38/L9*100),0) -> 0 | N38: =N10+N13+N19+N22 -> 0 | O38: =IFERROR((N38/N9*100),0) -> 0 | P38: =P10+P13+P19+P22 -> 0 | Q38: =IFERROR((P38/P9*100),0) -> 0 | R38: =N38+P38 -> 0 | S38: =IFERROR((R38/R9*100),0) -> 0 | T38: =J38+L38+R38 -> 0 | U38: =IFERROR((T38/T9*100),0) -> 0
E39: 간 접 비 | G39: =IFERROR((F39/F9*100),0) -> 0 | H39: =INT(H9*$V$39) -> 0 | I39: =IFERROR((H39/H9*100),0) -> 0 | J39: =INT(J9*$V$39) -> 0 | K39: =IFERROR((J39/J9*100),0) -> 0 | L39: =INT(L9*$V$39) -> 0 | M39: =IFERROR((L39/L9*100),0) -> 0 | N39: =INT(N9*$V$39) -> 0 | O39: =IFERROR((N39/N9*100),0) -> 0 | P39: =INT(P9*$V$39) -> 0 | Q39: =IFERROR((P39/P9*100),0) -> 0 | R39: =P39+N39 -> 0 | S39: =IFERROR((R39/R9*100),0) -> 0 | T39: =J39+L39+R39 -> 0 | U39: =IFERROR((T39/T9*100),0) -> 0 | V39: =공통!E17 -> 0
E40: 일반관리비 | G40: =IFERROR((F40/F9*100),0) -> 0 | H40: =INT(H9*$V$40) -> 0 | I40: =IFERROR((H40/H9*100),0) -> 0 | J40: =INT(J9*$V$40) -> 0 | K40: =IFERROR((J40/J9*100),0) -> 0 | L40: =INT(L9*$V$40) -> 0 | M40: =IFERROR((L40/L9*100),0) -> 0 | N40: =INT(N9*$V$40) -> 0 | O40: =IFERROR((N40/N9*100),0) -> 0 | P40: =INT(P9*$V$40) -> 0 | Q40: =IFERROR((P40/P9*100),0) -> 0 | R40: =P40+N40 -> 0 | S40: =IFERROR((R40/R9*100),0) -> 0 | T40: =J40+L40+R40 -> 0 | U40: =IFERROR((T40/T9*100),0) -> 0 | V40: =공통!E18 -> 0
E41: 금융비용 | G41: =IFERROR((F41/F9*100),0) -> 0 | I41: =IFERROR((H41/H9*100),0) -> 0 | K41: =IFERROR((J41/J9*100),0) -> 0 | M41: =IFERROR((L41/L9*100),0) -> 0 | O41: =IFERROR((N41/N9*100),0) -> 0 | Q41: =IFERROR((P41/P9*100),0) -> 0 | R41: =P41+N41 -> 0 | S41: =IFERROR((R41/R9*100),0) -> 0 | T41: =J41+L41+R41 -> 0 | U41: =IFERROR((T41/T9*100),0) -> 0
E42: 영업이익 | G42: =IFERROR((F42/F9*100),0) -> 0 | H42: =H9-H38-H39-H40-H41 -> 0 | I42: =IFERROR((H42/H9*100),0) -> 0 | J42: =J9-J38-J39-J40-J41 -> 0 | K42: =IFERROR((J42/J9*100),0) -> 0 | L42: =L9-L38-L39-L40-L41 -> 0 | M42: =IFERROR((L42/L9*100),0) -> 0 | N42: =N9-N38-N39-N40-N41 -> 0 | O42: =IFERROR((N42/N9*100),0) -> 0 | P42: =P9-P38-P39-P40-P41 -> 0 | Q42: =IFERROR((P42/P9*100),0) -> 0 | R42: =N42+P42 -> 0 | S42: =IFERROR((R42/R9*100),0) -> 0 | T42: =J42+L42+R42 -> 0 | U42: =IFERROR((T42/T9*100),0) -> 0
D43: `
C44: GS네오텍 | D44: Page: | V44: GP-4050-05(1)

Sheet 5.집행예산산출내역서
C2: 집행예산 산출내역서
C4: ='0. 집행계획(갑지)'!D7 -> 1.공 사 명 : (공사코드: ) | O4: 【단위 : 원】
C5: 비목/계정별 | D5: 산 출 내 역 | F5: 계 약 금 액 | G5: 집 행 금 액 | H5: 정산금액(A) [~25년] | I5: 당기 계획(B) | J5: 당기 이후 | M5: 누계(A+B+C) | N5: 안전관리비 계상금액 (원) | O5: 비고
I6: [26년] | J6: [27년] | K6: [28년~] | L6: 소계 (C)
C7: ■ 재료비 | F7: =SUM(F8:F9) -> 0 | G7: =SUM(G8:G9) -> 0 | H7: =SUM(H8:H9) -> 0 | I7: =SUM(I8:I9) -> 0 | J7: =SUM(J8:J9) -> 0 | K7: =SUM(K8:K9) -> 0 | L7: =J7+K7 -> 0 | M7: =H7+I7+L7 -> 0 | R7: 재료비 탭 참조
C8: - 본사재료비 | D8: 재료비 산출내역 첨부 | F8: =SUMIF('5-1. 재료비산출내역'!$D:$D,1,'5-1. 재료비산출내역'!$J:$J) -> 0 | G8: =SUMIF('5-1. 재료비산출내역'!$D:$D,1,'5-1. 재료비산출내역'!$M:$M) -> 0 | H8: =SUMIF('5-1. 재료비산출내역'!$D:$D,1,'5-1. 재료비산출내역'!$P:$P) -> 0 | I8: =SUMIF('5-1. 재료비산출내역'!$D:$D,1,'5-1. 재료비산출내역'!$S:$S) -> 0 | J8: =SUMIF('5-1. 재료비산출내역'!$D:$D,1,'5-1. 재료비산출내역'!$V:$V) -> 0 | K8: =SUMIF('5-1. 재료비산출내역'!$D:$D,1,'5-1. 재료비산출내역'!$Y:$Y)+SUMIF('5-1. 재료비산출내역'!$D:$D,1,'5-1. 재료비산출내역'!$AB:$AB)+SUMIF('5-1. 재료비산출내역'!$D:$D,1,'5-1. 재료비산출내역'!$AE:$AE) -> 0 | L8: =J8+K8 -> 0 | M8: =H8+I8+L8 -> 0
C9: - 현지재료비 | D9: 재료비 산출내역 첨부 | F9: =SUMIF('5-1. 재료비산출내역'!$D:$D,2,'5-1. 재료비산출내역'!$J:$J) -> 0 | G9: =SUMIF('5-1. 재료비산출내역'!$D:$D,2,'5-1. 재료비산출내역'!$M:$M) -> 0 | H9: =SUMIF('5-1. 재료비산출내역'!$D:$D,2,'5-1. 재료비산출내역'!$P:$P) -> 0 | I9: =SUMIF('5-1. 재료비산출내역'!$D:$D,2,'5-1. 재료비산출내역'!$S:$S) -> 0 | J9: =SUMIF('5-1. 재료비산출내역'!$D:$D,2,'5-1. 재료비산출내역'!$V:$V) -> 0 | K9: =SUMIF('5-1. 재료비산출내역'!$D:$D,2,'5-1. 재료비산출내역'!$Y:$Y)+SUMIF('5-1. 재료비산출내역'!$D:$D,2,'5-1. 재료비산출내역'!$AB:$AB)+SUMIF('5-1. 재료비산출내역'!$D:$D,2,'5-1. 재료비산출내역'!$AE:$AE) -> 0 | L9: =J9+K9 -> 0 | M9: =H9+I9+L9 -> 0
C10: ■ 노무비 | F10: =F11+F13+F15+F17+F19 -> 0 | G10: =G11+G13+G15+G17+G19 -> 0 | H10: =H11+H13+H15+H17+H19 -> 0 | I10: =I11+I13+I15+I17+I19 -> 0 | J10: =J11+J13+J15+J17+J19 -> 0 | K10: =K11+K13+K15+K17+K19 -> 0 | L10: =J10+K10 -> 0 | M10: =H10+I10+L10 -> 0
C11: - 급료(직원) | D11: 소 계 | F11: =SUM(F12:F12) -> 0 | G11: =SUM(G12:G12) -> 0 | H11: =SUM(H12:H12) -> 0 | I11: =SUM(I12:I12) -> 0 | J11: =SUM(J12:J12) -> 0 | K11: =SUM(K12:K12) -> 0 | L11: =J11+K11 -> 0 | M11: =H11+I11+L11 -> 0
D12: =공통!E23 -> 0 | F12: =공통!E24 -> 0 | G12: =공통!E25 -> 0 | H12: =공통!E26 -> 0 | I12: =공통!E27 -> 0 | J12: =공통!E28 -> 0 | K12: =공통!E29 -> 0 | L12: =J12+K12 -> 0 | M12: =H12+I12+L12 -> 0 | R12: 정직원/PJT직군, 부장 7,500,000원, 차장 6,500,000원, 과장 5,500,000원, 대리 4,500,000원, 사원 3,500,000원
C13: - 임금(현장사원) | D13: 소 계 | F13: =SUM(F14:F14) -> 0 | G13: =SUM(G14:G14) -> 0 | H13: =SUM(H14:H14) -> 0 | I13: =SUM(I14:I14) -> 0 | J13: =SUM(J14:J14) -> 0 | K13: =SUM(K14:K14) -> 0 | L13: =J13+K13 -> 0 | M13: =H13+I13+L13 -> 0
C14: 관리직공사원 | D14: =공통!E36 -> 0 | F14: =공통!E37 -> 0 | G14: =공통!E38 -> 0 | H14: =공통!E39 -> 0 | I14: =공통!E40 -> 0 | J14: =공통!E41 -> 0 | K14: =공통!E42 -> 0 | L14: =J14+K14 -> 0 | M14: =H14+I14+L14 -> 0 | R14: 현장사원 급여, 실급여 기준, 현장사원과 장기 계약이 예정돼있는 경우 임금 상승분 고려해야 함
C15: - 상여금(직원) | D15: 소 계 | G15: =SUM(G16:G16) -> 0 | H15: =SUM(H16:H16) -> 0 | I15: =SUM(I16:I16) -> 0 | J15: =SUM(J16:J16) -> 0 | K15: =SUM(K16:K16) -> 0 | L15: =J15+K15 -> 0 | M15: =H15+I15+L15 -> 0 | R15: 정직원/PJT직군, 상여가 지급된 달의 전 달 급여 코드에 반영 - ex. 상여가 1월 25일에 지급 됐다면 12월 급여 코드에 상여금 반영 금액은 1M/M 급여로 책정 - ex. 부장과 과장이 투입 되는 PJT에 추석 상여를 1회 반영한다면 7,500,000원 + 5,500,000원 = 13,000,000원으로 예상 책정
D16: =공통!E30 -> 0 | G16: =공통!E31 -> 0 | H16: =공통!E32 -> 0 | I16: =공통!E33 -> 0 | J16: =공통!E34 -> 0 | K16: =공통!E35 -> 0 | L16: =J16+K16 -> 0 | M16: =H16+I16+L16 -> 0
C17: - 퇴직금(직원) | D17: 소 계 | G17: =SUM(G18:G18) -> 0 | H17: =SUM(H18:H18) -> 0 | I17: =SUM(I18:I18) -> 0 | J17: =SUM(J18:J18) -> 0 | K17: =SUM(K18:K18) -> 0 | L17: =J17+K17 -> 0 | M17: =H17+I17+L17 -> 0 | R17: 정직원/PJT직군, 급여/12, 1년이 되지 않는 직원은 산정X, 단, 1년이 되는 달에 근무하는 사람이 있는 경우 급여 100%
D18: =D12 -> 0 | G18: =(G11+G15)/12 -> 0 | I18: =(I11+I15)/12 -> 0 | L18: =J18+K18 -> 0 | M18: =H18+I18+L18 -> 0
C19: - 퇴직금(현장사원) | D19: 소 계 | G19: =G13/12 -> 0 | H19: =H13/12 -> 0 | I19: =I13/12 -> 0 | J19: =J13/12 -> 0 | K19: =K13/12 -> 0 | L19: =J19+K19 -> 0 | M19: =H19+I19+L19 -> 0 | R19: 현장사원, 급여/12, 1년이 되지 않는 직원은 산정X, 단, 1년이 되는 달에 근무하는 사람이 있는 경우 급여 100%
C20: 관리직공사원 | D20: =D14 -> 0 | L20: =J20+K20 -> 0 | M20: =H20+I20+L20 -> 0
C21: ■ 외주비 | F21: =SUM(F22:F23) -> 0 | G21: =SUM(G22:G23) -> 0 | H21: =SUM(H22:H23) -> 0 | I21: =SUM(I22:I23) -> 0 | J21: =SUM(J22:J23) -> 0 | K21: =SUM(K22:K23) -> 0 | L21: =J21+K21 -> 0 | M21: =H21+I21+L21 -> 0
C22: - 외주용역비 | L22: =J22+K22 -> 0 | M22: =H22+I22+L22 -> 0
C23: - 외주가공비 | L23: =J23+K23 -> 0 | M23: =H23+I23+L23 -> 0
C24: ■ 경 비 | F24: =F25+F26+F38+F39+F40+F41+F44+F47+F48+F49+F50+F51+F52+F55+F56 -> 0 | G24: =G25+G26+G38+G39+G40+G41+G44+G47+G48+G49+G50+G51+G52+G55+G56 -> 0 | H24: =H25+H26+H38+H39+H40+H41+H44+H47+H48+H49+H50+H51+H52+H55+H56 -> 0 | I24: =I25+I26+I38+I39+I40+I41+I44+I47+I48+I49+I50+I51+I52+I55+I56 -> 0 | J24: =J25+J26+J38+J39+J40+J41+J44+J47+J48+J49+J50+J51+J52+J55+J56 -> 0 | K24: =K25+K26+K38+K39+K40+K41+K44+K47+K48+K49+K50+K51+K52+K55+K56 -> 0 | L24: =J24+K24 -> 0 | M24: =H24+I24+L24 -> 0
C25: - 복리후생비 | D25: =공통!E43 -> 0 | F25: =공통!E44 -> 0 | G25: =공통!E45 -> 0 | H25: =공통!E46 -> 0 | I25: =공통!E47 -> 0 | J25: =공통!E48 -> 0 | K25: =공통!E49 -> 0 | L25: =J25+K25 -> 0 | M25: =H25+I25+L25 -> 0 | R25: PJT 기간 간 사용할 비용 산정
C26: - 보험료 | D26: 소 계 | F26: =F27+F33 -> 0 | G26: =G27+G33 -> 0 | H26: =H27+H33 -> 0 | I26: =I27+I33 -> 0 | J26: =J27+J33 -> 0 | K26: =K27+K33 -> 0 | L26: =J26+K26 -> 0 | M26: =H26+I26+L26 -> 0
C27: 보험료(노무) | D27: 25년 기준 | F27: =SUM(F28:F32) -> 0 | G27: =SUM(G28:G32) -> 0 | H27: =SUM(H28:H32) -> 0 | I27: =SUM(I28:I32) -> 0 | J27: =SUM(J28:J32) -> 0 | K27: =SUM(K28:K32) -> 0 | L27: =J27+K27 -> 0 | M27: =H27+I27+L27 -> 0
C28: (국민연금) | D28: ="[총급여액+임금]*" & TEXT(공통!E19, "0.0%") -> [총급여액+임금]*0.0% | G28: =($G$11+$G$13+$G$15)*공통!E19 -> 0 | H28: =($H$11+$H$13+$H$15)*공통!E19 -> 0 | I28: =($I$11+$I$13+$I$15)*공통!E19 -> 0 | J28: =($J$11+$J$13+$J$15)*공통!E19 -> 0 | K28: =($K$11+$K$13+$K$15)*공통!E19 -> 0 | L28: =J28+K28 -> 0 | M28: =H28+I28+L28 -> 0 | R28: 4.5% 기본 요율이나 인사팀에서 변동요율 공지가 있다면 해당 요율로 변경
C29: (건강보험) | D29: ="[총급여액+임금]*" & TEXT(공통!E20, "0.0000%") -> [총급여액+임금]*0.0000% | G29: =($G$11+$G$13+$G$15)*공통!E20 -> 0 | H29: =($H$11+$H$13+$H$15)*공통!E20 -> 0 | I29: =($I$11+$I$13+$I$15)*공통!E20 -> 0 | J29: =($J$11+$J$13+$J$15)*공통!E20 -> 0 | K29: =($K$11+$K$13+$K$15)*공통!E20 -> 0 | L29: =J29+K29 -> 0 | M29: =H29+I29+L29 -> 0 | R29: 매년 초 인사팀에서 요율 공지
C30: (퇴직공제부금) | D30: 적용대상현장적용(계약내역 금액반영)-계약금액 반영(정산대상) | L30: =J30+K30 -> 0 | M30: =H30+I30+L30 -> 0 | R30: 사용X
C31: (산재보험) | D31: ="[총급여액+임금+(외주비*하도급노무비율)]*" & TEXT(공통!E21, "0.000%") -> [총급여액+임금+(외주비*하도급노무비율)]*0.000% | G31: =($G$11+$G$13+$G$15)*공통!E21 -> 0 | H31: =($H$11+$H$13+$H$15)*공통!E21 -> 0 | I31: =($I$11+$I$13+$I$15)*공통!E21 -> 0 | J31: =($J$11+$J$13+$J$15)*공통!E21 -> 0 | K31: =($K$11+$K$13+$K$15)*공통!E21 -> 0 | L31: =J31+K31 -> 0 | M31: =H31+I31+L31 -> 0 | R31: 매년 초 안전보건팀에서 요율 공지
C32: (고용보험) | D32: ="[총급여액+임금+(외주비*하도급노무비율)]*" & TEXT(공통!E22, "0.00%") -> [총급여액+임금+(외주비*하도급노무비율)]*0.00% | G32: =($G$11+$G$13+$G$15)*공통!E22 -> 0 | H32: =($H$11+$H$13+$H$15)*공통!E22 -> 0 | I32: =($I$11+$I$13+$I$15)*공통!E22 -> 0 | J32: =($J$11+$J$13+$J$15)*공통!E22 -> 0 | K32: =($K$11+$K$13+$K$15)*공통!E22 -> 0 | L32: =J32+K32 -> 0 | M32: =H32+I32+L32 -> 0 | R32: 매년 초 안전보건팀에서 요율 공지
C33: 보험료(공사) | F33: =SUM(F34:F37) -> 0 | G33: =SUM(G34:G37) -> 0 | H33: =SUM(H34:H37) -> 0 | I33: =SUM(I34:I37) -> 0 | J33: =SUM(J34:J37) -> 0 | K33: =SUM(K34:K37) -> 0 | L33: =J33+K33 -> 0 | M33: =H33+I33+L33 -> 0 | R33: 계약 사항에 각종 보험 포함된 경우 금액 산정해서 적용
C34: (선급금보증) | L34: =J34+K34 -> 0 | M34: =H34+I34+L34 -> 0
C35: (사용자배상책임보험) | L35: =J35+K35 -> 0 | M35: =H35+I35+L35 -> 0
C36: (계약이행) | D36: 계약이행증권 | L36: =J36+K36 -> 0 | M36: =H36+I36+L36 -> 0 | R36: 영업이 진행하는것인데 보증보험 회사에 컨택해서 고객과의 계약서 금액을 설명하고 대략적인 금액을 물어 봐야함. 해당 금액을 기입. 계약 이후엔 계약서 전체 사본을 PDF로 보내고 실제 비용 회신 및 결재/증권 받아야 함. 이때 영업이 보증보험 담당자에게 하자이행 보험료가 대약 얼마일지 확인해서 PM에게 알려줘야함)
C37: (하자이행) | D37: 하자이행증권 | L37: =J37+K37 -> 0 | M37: =H37+I37+L37 -> 0 | R37: PM이 영업에게 전달받은 대략적인 금액을 기입하고 프로젝트 완료시 PM이 하자이행 증권 끊어야 함.
C38: - 장비비 | D38: =공통!E64 -> 0 | F38: =공통!E65 -> 0 | G38: =공통!E66 -> 0 | H38: =공통!E67 -> 0 | I38: =공통!E68 -> 0 | J38: =공통!E69 -> 0 | K38: =공통!E70 -> 0 | L38: =J38+K38 -> 0 | M38: =H38+I38+L38 -> 0
C39: - 지급임차료 | D39: =공통!E71 -> 0 | F39: =공통!E72 -> 0 | G39: =공통!E73 -> 0 | H39: =공통!E74 -> 0 | I39: =공통!E75 -> 0 | J39: =공통!E76 -> 0 | K39: =공통!E77 -> 0 | L39: =J39+K39 -> 0 | M39: =H39+I39+L39 -> 0 | R39: PJT룸 임차, 노트북 임차 등 구매가 아닌 임차로 사용하는 경우 금액 산정
C40: - 운반비 | D40: =공통!E78 -> 0 | F40: =공통!E79 -> 0 | G40: =공통!E80 -> 0 | H40: =공통!E81 -> 0 | I40: =공통!E82 -> 0 | J40: =공통!E83 -> 0 | K40: =공통!E84 -> 0 | L40: =J40+K40 -> 0 | M40: =H40+I40+L40 -> 0
C41: - 회선비(CDN) | D41: 소 계 | F41: =SUM(F42:F43) -> 0 | G41: =SUM(G42:G43) -> 0 | H41: =SUM(H42:H43) -> 0 | I41: =SUM(I42:I43) -> 0 | J41: =SUM(J42:J43) -> 0 | K41: =SUM(K42:K43) -> 0 | L41: =J41+K41 -> 0 | M41: =H41+I41+L41 -> 0
C42: Cloud사용료 | D42: 회선비 산출내역 첨부 | F42: =SUMIF('5-2. 회선비산출내역'!$D:$D,1,'5-2. 회선비산출내역'!$J:$J) -> 0 | G42: =SUMIF('5-2. 회선비산출내역'!$D:$D,1,'5-2. 회선비산출내역'!$M:$M) -> 0 | H42: =SUMIF('5-2. 회선비산출내역'!$D:$D,1,'5-2. 회선비산출내역'!$P:$P) -> 0 | I42: =SUMIF('5-2. 회선비산출내역'!$D:$D,1,'5-2. 회선비산출내역'!$S:$S) -> 0 | J42: =SUMIF('5-2. 회선비산출내역'!$D:$D,1,'5-2. 회선비산출내역'!$V:$V) -> 0 | K42: =SUMIF('5-2. 회선비산출내역'!$D:$D,1,'5-2. 회선비산출내역'!$Y:$Y)+SUMIF('5-2. 회선비산출내역'!$D:$D,1,'5-2. 회선비산출내역'!$AB:$AB)+SUMIF('5-2. 회선비산출내역'!$D:$D,1,'5-2. 회선비산출내역'!$AE:$AE) -> 0 | L42: =J42+K42 -> 0 | M42: =H42+I42+L42 -> 0
C43: 라이선스 | D43: 회선비 산출내역 첨부 | F43: =SUMIF('5-2. 회선비산출내역'!$D:$D,2,'5-2. 회선비산출내역'!$J:$J) -> 0 | G43: =SUMIF('5-2. 회선비산출내역'!$D:$D,2,'5-2. 회선비산출내역'!$M:$M) -> 0 | H43: =SUMIF('5-2. 회선비산출내역'!$D:$D,2,'5-2. 회선비산출내역'!$P:$P) -> 0 | I43: =SUMIF('5-2. 회선비산출내역'!$D:$D,2,'5-2. 회선비산출내역'!$S:$S) -> 0 | J43: =SUMIF('5-2. 회선비산출내역'!$D:$D,2,'5-2. 회선비산출내역'!$V:$V) -> 0 | K43: =SUMIF('5-2. 회선비산출내역'!$D:$D,2,'5-2. 회선비산출내역'!$Y:$Y)+SUMIF('5-2. 회선비산출내역'!$D:$D,2,'5-2. 회선비산출내역'!$AB:$AB)+SUMIF('5-2. 회선비산출내역'!$D:$D,2,'5-2. 회선비산출내역'!$AE:$AE) -> 0 | L43: =J43+K43 -> 0 | M43: =H43+I43+L43 -> 0
C44: - 소모품비 | D44: 소 계 | F44: =SUM(F45:F46) -> 0 | G44: =SUM(G45:G46) -> 0 | H44: =SUM(H45:H46) -> 0 | I44: =SUM(I45:I46) -> 0 | J44: =SUM(J45:J46) -> 0 | K44: =SUM(K45:K46) -> 0 | L44: =J44+K44 -> 0 | M44: =H44+I44+L44 -> 0
C45: 공사용 소모품비 | D45: 소모품비 산출내역서 참조 | F45: =SUMIF('5-3. 소모품비산출내역'!$D:$D,1,'5-3. 소모품비산출내역'!$J:$J) -> 0 | G45: =SUMIF('5-3. 소모품비산출내역'!$D:$D,1,'5-3. 소모품비산출내역'!$M:$M) -> 0 | H45: =SUMIF('5-3. 소모품비산출내역'!$D:$D,1,'5-3. 소모품비산출내역'!$P:$P) -> 0 | I45: =SUMIF('5-3. 소모품비산출내역'!$D:$D,1,'5-3. 소모품비산출내역'!$S:$S) -> 0 | J45: =SUMIF('5-3. 소모품비산출내역'!$D:$D,1,'5-3. 소모품비산출내역'!$V:$V) -> 0 | K45: =SUMIF('5-3. 소모품비산출내역'!$D:$D,1,'5-3. 소모품비산출내역'!$Y:$Y)+SUMIF('5-3. 소모품비산출내역'!$D:$D,1,'5-3. 소모품비산출내역'!$AB:$AB)+SUMIF('5-3. 소모품비산출내역'!$D:$D,1,'5-3. 소모품비산출내역'!$AE:$AE) -> 0 | L45: =J45+K45 -> 0 | M45: =H45+I45+L45 -> 0 | R45: 소모품비 탭 참조
C46: 사무용 소모품비 | D46: 소모품비 산출내역서 참조 | F46: =SUMIF('5-3. 소모품비산출내역'!$D:$D,2,'5-3. 소모품비산출내역'!$J:$J) -> 0 | G46: =SUMIF('5-3. 소모품비산출내역'!$D:$D,2,'5-3. 소모품비산출내역'!$M:$M) -> 0 | H46: =SUMIF('5-3. 소모품비산출내역'!$D:$D,2,'5-3. 소모품비산출내역'!$P:$P) -> 0 | I46: =SUMIF('5-3. 소모품비산출내역'!$D:$D,2,'5-3. 소모품비산출내역'!$S:$S) -> 0 | J46: =SUMIF('5-3. 소모품비산출내역'!$D:$D,2,'5-3. 소모품비산출내역'!$V:$V) -> 0 | K46: =SUMIF('5-3. 소모품비산출내역'!$D:$D,2,'5-3. 소모품비산출내역'!$Y:$Y)+SUMIF('5-3. 소모품비산출내역'!$D:$D,2,'5-3. 소모품비산출내역'!$AB:$AB)+SUMIF('5-3. 소모품비산출내역'!$D:$D,2,'5-3. 소모품비산출내역'!$AE:$AE) -> 0 | L46: =J46+K46 -> 0 | M46: =H46+I46+L46 -> 0
C47: - 수도광열비 | L47: =J47+K47 -> 0 | M47: =H47+I47+L47 -> 0
C48: - 여비교통비 | D48: =공통!E50 -> 0 | F48: =공통!E51 -> 0 | G48: =공통!E52 -> 0 | H48: =공통!E53 -> 0 | I48: =공통!E54 -> 0 | J48: =공통!E55 -> 0 | K48: =공통!E56 -> 0 | L48: =J48+K48 -> 0 | M48: =H48+I48+L48 -> 0
C49: - 통신비 | D49: =공통!E85 -> 0 | F49: =공통!E86 -> 0 | G49: =공통!E87 -> 0 | H49: =공통!E88 -> 0 | I49: =공통!E89 -> 0 | J49: =공통!E90 -> 0 | K49: =공통!E91 -> 0 | L49: =J49+K49 -> 0 | M49: =H49+I49+L49 -> 0 | R49: PJT 기간 간 사용할 비용 산정
C50: - 도서인쇄비 | D50: =공통!E92 -> 0 | F50: =공통!E93 -> 0 | G50: =공통!E94 -> 0 | H50: =공통!E95 -> 0 | I50: =공통!E96 -> 0 | J50: =공통!E97 -> 0 | K50: =공통!E98 -> 0 | L50: =J50+K50 -> 0 | M50: =H50+I50+L50 -> 0 | R50: 전화 사용하는 PJT는 산정
C51: - 차량유지비 | D51: =공통!E57 -> 0 | F51: =공통!E58 -> 0 | G51: =공통!E59 -> 0 | H51: =공통!E60 -> 0 | I51: =공통!E61 -> 0 | J51: =공통!E62 -> 0 | K51: =공통!E63 -> 0 | L51: =J51+K51 -> 0 | M51: =H51+I51+L51 -> 0 | R51: 산출물 인쇄 필요시 필요한 만큼 산정
C52: - 수수료 | D52: 소 계 | F52: =SUM(F53:F54) | G52: =SUM(G53:G54) | H52: =SUM(H53:H54) -> 0 | I52: =SUM(I53:I54) | J52: =SUM(J53:J54) -> 0 | K52: =SUM(K53:K54) -> 0 | L52: =J52+K52 -> 0 | M52: =H52+I52+L52 -> 0 | R52: 유류대 지급 계정이나 여비교통비로 대체 가능
C53: 용역수수료 | D53: 수수료 산출내역서 참조 | F53: =SUMIF('5-4. 수수료산출내역'!$D:$D,1,'5-4. 수수료산출내역'!$J:$J) | G53: =SUMIF('5-4. 수수료산출내역'!$D:$D,1,'5-4. 수수료산출내역'!$M:$M) | H53: =SUMIF('5-4. 수수료산출내역'!$D:$D,1,'5-4. 수수료산출내역'!$P:$P) -> 0 | I53: =SUMIF('5-4. 수수료산출내역'!$D:$D,1,'5-4. 수수료산출내역'!$S:$S) | J53: =SUMIF('5-4. 수수료산출내역'!$D:$D,1,'5-4. 수수료산출내역'!$V:$V) -> 0 | K53: =SUMIF('5-4. 수수료산출내역'!$D:$D,1,'5-4. 수수료산출내역'!$Y:$Y)+SUMIF('5-4. 수수료산출내역'!$D:$D,1,'5-4. 수수료산출내역'!$AB:$AB)+SUMIF('5-4. 수수료산출내역'!$D:$D,1,'5-4. 수수료산출내역'!$AE:$AE) -> 0 | L53: =J53+K53 -> 0 | M53: =H53+I53+L53 -> 0 | R53: 수수료 탭 참조
C54: 유지보수수수료 | D54: 수수료 산출내역서 참조 | F54: =SUMIF('5-4. 수수료산출내역'!$D:$D,2,'5-4. 수수료산출내역'!$J:$J) -> 0 | G54: =SUMIF('5-4. 수수료산출내역'!$D:$D,2,'5-4. 수수료산출내역'!$M:$M) -> 0 | H54: =SUMIF('5-4. 수수료산출내역'!$D:$D,2,'5-4. 수수료산출내역'!$P:$P) -> 0 | I54: =SUMIF('5-4. 수수료산출내역'!$D:$D,2,'5-4. 수수료산출내역'!$S:$S) -> 0 | J54: =SUMIF('5-4. 수수료산출내역'!$D:$D,2,'5-4. 수수료산출내역'!$V:$V) -> 0 | K54: =SUMIF('5-4. 수수료산출내역'!$D:$D,2,'5-4. 수수료산출내역'!$Y:$Y)+SUMIF('5-4. 수수료산출내역'!$D:$D,2,'5-4. 수수료산출내역'!$AB:$AB)+SUMIF('5-4. 수수료산출내역'!$D:$D,2,'5-4. 수수료산출내역'!$AE:$AE) -> 0 | L54: =J54+K54 -> 0 | M54: =H54+I54+L54 -> 0
C55: - 안전관리비 | D55: =공통!E99 -> 0 | F55: =공통!E100 -> 0 | G55: =공통!E101 -> 0 | H55: =공통!E102 -> 0 | I55: =공통!E103 -> 0 | J55: =공통!E104 -> 0 | K55: =공통!E105 -> 0 | L55: =J55+K55 -> 0 | M55: =H55+I55+L55 -> 0
C56: - 기타 | D56: =공통!E106 -> 0 | F56: =공통!E107 -> 0 | G56: =공통!E108 -> 0 | H56: =공통!E109 -> 0 | I56: =공통!E110 -> 0 | J56: =공통!E111 -> 0 | K56: =공통!E112 -> 0 | L56: =J56+K56 -> 0 | M56: =H56+I56+L56 -> 0 | R56: 계약검토 당시 안전보건팀에서 안전관리비 산정 필요하다는 회신 있는 경우 투입 인원 * 5만원으로 산정
C57: 합 계 | F57: =SUM(F24,F21,F10,F7) -> 0 | G57: =SUM(G24,G21,G10,G7) -> 0 | H57: =SUM(H24,H21,H10,H7) -> 0 | I57: =SUM(I24,I21,I10,I7) -> 0 | J57: =SUM(J24,J21,J10,J7) -> 0 | K57: =SUM(K24,K21,K10,K7) -> 0 | L57: =J57+K57 -> 0 | M57: =H57+I57+L57 -> 0
C59: GS네오텍 | M59: GP-4050-06(1)

Sheet 5-4. 수수료산출내역
O1: 3
D2: [ ■ 본사 □ 현지 ] 재료비 산출내역
D3: 수수료 산출내역(1=용역 수수료, 2=유지보수 수수료)
D4: ='0. 집행계획(갑지)'!D7 -> 1.공 사 명 : (공사코드: ) | AJ4: 【단위 : 원】
D5: 자재 코드 | E5: 품 명 | F5: 규 격 | G5: 단위 | H5: 계 약 | K5: 집행계획(A) | N5: 정산누계(B) [~25년] | Q5: 당기계획(C) [26년] | T5: 당기 이후 | AH5: 계(E=B+C+D) | AJ5: 비 고
T6: [27년] | W6: [28년] | Z6: [29년] | AC6: [30년] | AF6: 소계(D)
H7: 수량 | I7: 단가 | J7: 금액 | K7: 수량 | L7: 단가 | M7: 금액 | N7: 수량 | O7: 단가 | P7: 금액 | Q7: 수량 | R7: 단가 | S7: 금액 | T7: 수량 | U7: 단가 | V7: 금액 | W7: 수량 | X7: 단가 | Y7: 금액 | Z7: 수량 | AA7: 단가 | AB7: 금액 | AC7: 수량 | AD7: 단가 | AE7: 금액 | AF7: 수량 | AG7: 금액 | AH7: 수량 | AI7: 금액
J8: =H8*I8 | M8: =K8*L8 | P8: =N8*O8 -> 0 | S8: =Q8*R8 -> 72000000 | V8: =T8*U8 -> 0 | Y8: =W8*X8 -> 0 | AB8: =Z8*AA8 -> 0 | AE8: =AC8*AD8 -> 0 | AF8: =T8+W8+Z8+AC8 -> 0 | AG8: =V8+Y8+AB8+AE8 -> 0 | AH8: =AF8+Q8+N8 -> 9 | AI8: =AG8+S8+P8 -> 72000000 | AL8: =AI8-M8
M9: =K9*L9 -> 0 | P9: =N9*O9 -> 0 | S9: =Q9*R9 -> 0 | V9: =T9*U9 -> 0 | Y9: =W9*X9 -> 0 | AB9: =Z9*AA9 -> 0 | AE9: =AC9*AD9 -> 0 | AF9: =T9+W9+Z9+AC9 -> 0 | AG9: =V9+Y9+AB9+AE9 -> 0 | AH9: =AF9+Q9+N9 -> 0 | AI9: =AG9+S9+P9 -> 0 | AL9: =AI9-M9 -> 0
J10: =H10*I10 -> 0 | M10: =K10*L10 -> 0 | P10: =N10*O10 -> 0 | S10: =Q10*R10 -> 0 | V10: =T10*U10 -> 0 | Y10: =W10*X10 -> 0 | AB10: =Z10*AA10 -> 0 | AE10: =AC10*AD10 -> 0 | AF10: =T10+W10+Z10+AC10 -> 0 | AG10: =V10+Y10+AB10+AE10 -> 0 | AH10: =AF10+Q10+N10 -> 0 | AI10: =AG10+S10+P10 -> 0 | AL10: =AI10-M10 -> 0
J11: =H11*I11 -> 0 | M11: =K11*L11 -> 0 | P11: =N11*O11 -> 0 | S11: =Q11*R11 -> 0 | V11: =T11*U11 -> 0 | Y11: =W11*X11 -> 0 | AB11: =Z11*AA11 -> 0 | AE11: =AC11*AD11 -> 0 | AF11: =T11+W11+Z11+AC11 -> 0 | AG11: =V11+Y11+AB11+AE11 -> 0 | AH11: =AF11+Q11+N11 -> 0 | AI11: =AG11+S11+P11 -> 0 | AL11: =AI11-M11 -> 0
J12: =H12*I12 -> 0 | M12: =K12*L12 -> 0 | P12: =N12*O12 -> 0 | S12: =Q12*R12 -> 0 | V12: =T12*U12 -> 0 | Y12: =W12*X12 -> 0 | AB12: =Z12*AA12 -> 0 | AE12: =AC12*AD12 -> 0 | AF12: =T12+W12+Z12+AC12 -> 0 | AG12: =V12+Y12+AB12+AE12 -> 0 | AH12: =AF12+Q12+N12 -> 0 | AI12: =AG12+S12+P12 -> 0 | AL12: =AI12-M12 -> 0
J13: =H13*I13 -> 0 | M13: =K13*L13 -> 0 | P13: =N13*O13 -> 0 | S13: =Q13*R13 -> 0 | V13: =T13*U13 -> 0 | Y13: =W13*X13 -> 0 | AB13: =Z13*AA13 -> 0 | AE13: =AC13*AD13 -> 0 | AF13: =T13+W13+Z13+AC13 -> 0 | AG13: =V13+Y13+AB13+AE13 -> 0 | AH13: =AF13+Q13+N13 -> 0 | AI13: =AG13+S13+P13 -> 0 | AL13: =AI13-M13 -> 0
J14: =H14*I14 -> 0 | M14: =K14*L14 -> 0 | P14: =N14*O14 -> 0 | S14: =Q14*R14 -> 0 | V14: =T14*U14 -> 0 | Y14: =W14*X14 -> 0 | AB14: =Z14*AA14 -> 0 | AE14: =AC14*AD14 -> 0 | AF14: =T14+W14+Z14+AC14 -> 0 | AG14: =V14+Y14+AB14+AE14 -> 0 | AH14: =AF14+Q14+N14 -> 0 | AI14: =AG14+S14+P14 -> 0 | AL14: =AI14-M14 -> 0
J15: =H15*I15 -> 0 | M15: =K15*L15 -> 0 | P15: =N15*O15 -> 0 | S15: =Q15*R15 -> 0 | V15: =T15*U15 -> 0 | Y15: =W15*X15 -> 0 | AB15: =Z15*AA15 -> 0 | AE15: =AC15*AD15 -> 0 | AF15: =T15+W15+Z15+AC15 -> 0 | AG15: =V15+Y15+AB15+AE15 -> 0 | AH15: =AF15+Q15+N15 -> 0 | AI15: =AG15+S15+P15 -> 0 | AL15: =AI15-M15 -> 0
J16: =H16*I16 -> 0 | M16: =K16*L16 -> 0 | P16: =N16*O16 -> 0 | S16: =Q16*R16 -> 0 | V16: =T16*U16 -> 0 | Y16: =W16*X16 -> 0 | AB16: =Z16*AA16 -> 0 | AE16: =AC16*AD16 -> 0 | AF16: =T16+W16+Z16+AC16 -> 0 | AG16: =V16+Y16+AB16+AE16 -> 0 | AH16: =AF16+Q16+N16 -> 0 | AI16: =AG16+S16+P16 -> 0 | AL16: =AI16-M16 -> 0
D17: 합 계 | J17: =SUM(J8:J16) -> 0 | M17: =SUM(M8:M16) -> 0 | P17: =SUM(P8:P16) -> 0 | S17: =SUM(S8:S16) -> 72000000 | V17: =SUM(V8:V16) -> 0 | Y17: =SUM(Y8:Y16) -> 0 | AB17: =SUM(AB8:AB16) -> 0 | AE17: =SUM(AE8:AE16) -> 0 | AG17: =SUM(AG8:AG16) -> 0 | AI17: =SUM(AI8:AI16) -> 72000000 | AL17: =AI17-M17 -> 72000000
D19: GS네오텍 | G19: Page : | AJ19: GP-4050-07(1)

Sheet 1. 현장조직_업무분장
C4: 현장조직 및 업무분장
D5: ='0. 집행계획(갑지)'!D7 -> 1.공 사 명 : (공사코드: )
Y7: 현 장 소 장
Y8: 직위 : | AD8: 성명 :
Y10: 1.시공 및 QES 총괄
Y11: 2.계약 및 기성관리
Y12: 3.대외영업활동
Y13: 4.관련법규 및 대관인허가업무
G18: 시공/기술담당 : | Y18: 품질담당 : | AQ18: 안전담당 :
G20: 1.시공/작업계획수립 및 실시 | Y20: 1.검사 및 시험계획 수립,시행 | AQ20: 1.안전관리계획수립 및 실시
G21: 2.공정관리 및 공법개선 | Y21: 2.부적합보고서작성 및 이행 | AQ21: 2.재해예방활동 및 교육실시
G22: 3.기술교육실시,안전예방조치 | Y22: 3.문서 및 기록 관리 | AQ22: 3.안전관리직무수행
G26: 소방,자재관리담당 : | Y26: 소방/공무담당 : | AQ26: 기타 : 경비,경리 등
G28: 1.자재수급계획수립 및 청구 | Y28: 1.현장행정 및 본사행정 관리 | AQ28: 1.도난 및 화재경비
G29: 2.입출고관리,고객지급품관리 | Y29: 2.집행예산관리 | AQ29: 2.경리업무, 행정보조
G30: 3.부적합자재 시정조치,관리 | Y30: 3.공정부진시 만회대책수립 | AQ30: 3.물자운반, 작업보조
D34: ※ 공사규모, 현장여건, 소장능력 등을 고려하여 통합,분할할 수 있음
C35: GS네오텍 Page : | BH35: GP-4050-02(1)

Sheet 2. 공사개요
D4: 공 사 개 요
D5: ='0. 집행계획(갑지)'!D7 -> 1.공 사 명 : (공사코드: )
D6: 1-1. 주요공종
D7: 공 종 별 | E7: 가중치 | F7: 단위 | G7: 수량 | H7: 비 고
F9: 식 | G9: 1
F10: 식 | G10: 1
F11: 식 | G11: 1
F12: 식 | G12: 1
F13: 식 | G13: 1
F14: 식 | G14: 1
D29: 합 계 | E29: =E8+E11+E14 -> 0
D30: 1-2. 현장위치
D31: 위 치 :
D36: 1-3. 현장 표준근로기준
D37: ※ 일일표준근로시간, 월근무일수, 추가근무지급기준, 년/월차 포함여부, 기타조건
D38: 1. 일일 8시간근무 AM 07:00 ~ PM 05:00 (중식 1시간, 오전/오후 30분 휴무)
D39: 2. 주 6일근무 (주 1회휴무)
D43: GS네오텍 | F43: Page : | H43: GP-4050-03(1)

Sheet 3.예정공정표
A2: 전 기 공 사 전 체 공 정 표
A3: 공사명 : 운서역 복합시설 신축 전기 소방공사 ('15.06.01- '17.04.30) | CY3: 현장 책임자 : 한 상 욱 (인)
CY4: 작성일 : 2015년 01월 15일
A5: 구 분 | C5: 중 공 종 | D5: 소 공 종 | E5: 금 액 | F5: 보할 | G5: 2015년 | AI5: 2016년 | CE5: 2017년 | CY5: 비 고
H6: 6월 | L6: 7월 | P6: 8월 | T6: 9월 | X6: 10월 | AB6: 11월 | AF6: 12월 | AJ6: 1월 | AN6: 2월 | AR6: 3월 | AV6: 4월 | AZ6: 5월 | BD6: 6월 | BH6: 7월 | BL6: 8월 | BP6: 9월 | BT6: 10월 | BX6: 11월 | CB6: 12월 | CF6: 1월 | CJ6: 2월 | CN6: 3월 | CR6: 4월 | CV6: 5월
G7: 1 | H7: 2 | I7: 3 | J7: 4 | K7: 1 | L7: 2 | M7: 3 | N7: 4 | O7: 1 | P7: 2 | Q7: 3 | R7: 4 | S7: 1 | T7: 2 | U7: 3 | V7: 4 | W7: 1 | X7: 2 | Y7: 3 | Z7: 4 | AA7: 1 | AB7: 2 | AC7: 3 | AD7: 4 | AE7: 1 | AF7: 2 | AG7: 3 | AH7: 4 | AI7: 1 | AJ7: 2 | AK7: 3 | AL7: 4 | AM7: 1 | AN7: 2 | AO7: 3 | AP7: 4 | AQ7: 1 | AR7: 2 | AS7: 3 | AT7: 4 | AU7: 1 | AV7: 2 | AW7: 3 | AX7: 4 | AY7: 1 | AZ7: 2 | BA7: 3 | BB7: 4 | BC7: 1 | BD7: 2 | BE7: 3 | BF7: 4 | BG7: 1 | BH7: 2 | BI7: 3 | BJ7: 4 | BK7: 1 | BL7: 2 | BM7: 3 | BN7: 4 | BO7: 1 | BP7: 2 | BQ7: 3 | BR7: 4 | BS7: 1 | BT7: 2 | BU7: 3 | BV7: 4 | BW7: 1 | BX7: 2 | BY7: 3 | BZ7: 4 | CA7: 1 | CB7: 2 | CC7: 3 | CD7: 4 | CE7: 1 | CF7: 2 | CG7: 3 | CH7: 4 | CI7: 1 | CJ7: 2 | CK7: 3 | CL7: 4 | CM7: 1 | CN7: 2 | CO7: 3 | CP7: 4 | CQ7: 1 | CR7: 2 | CS7: 3 | CT7: 4 | CU7: 1 | CV7: 2 | CW7: 3 | CX7: 4
B8: 토 목 | C8: -.가설공사 | D8: -.가설공사 | Y8: T/C설치-1 | AF8: T/C설치-2 | BC8: H/C설치 | BS8: T/C설치 | CA8: H/C해체
A9: 건 | C9: -.가시설공사 | D9: -.가시설공사 | I9: CIP굴착 | T9: E/A 앙카 시공 | AJ9: E/A 해체 | BC9: - 내부 조적 및 단열공사
A10: 축 | C10: -.토공사 | D10: -.토공사 | U10: 토사반출
A11: 공 | B11: 건 축 | C11: -.골조공사 | D11: -.골조공사 | AA11: 골조공사 | AE11: B3F | AM11: B2F | AQ11: B1F | AT11: 1F | AV11: 2F | AY11: PIT | BB11: 3F | BD11: 4F | BG11: 5F | BI11: 6F | BK11: 7F | BL11: 8F | BN11: 9F | BP11: 10F
A12: 사 | C12: -.조적공사 | D12: -.조적공사 | AV12: 지하층/1,2층 조적 | BC12: 3 ~ 6층 내부 조적(ALC, 시멘트벽돌) | BL12: 7 ~ 10층 내부 조적(ALC, 시멘트벽돌) | BT12: 외부/옥상조적
C13: -.내장공사 | D13: -.내장공사 | BG13: 벽체/천정 작업(3 ~ 6층) | BN13: 벽체/천정 작업(7 ~ 10층) | BU13: 걸레받이 및 천정몰딩 | CA13: 판매시설 경량 벽체/천정
C14: -.마감공사 | D14: -.마감공사 | BR14: 세대천정도장 | BY14: 벽체/천정 도배 | CF14: 가구 및 마루 작업 | CN14: 가전설치
A15: 대 관 업 무 | C15: -.전기공사계획신고 | D15: -.전기공사계획신고 | AJ15: 공사계획신고 | AQ15: 신고수리필증 | CY15: *.한국전기안전공사
C16: -.한전 수용신청 | D16: -.한전 수용신청 | AJ16: 한전수용신청 | CY16: *.한국전력공사
C17: -.전기사용전검사(전기실,단위세대) | D17: -.전기사용전검사(전기실,단위세대) | CD17: 사용전검사(고압) | CN17: 사용전검사(저압) | CY17: *.한국전기안전공사
C18: -.한전수전 | D18: -.한전수전 | CF18: 한전수전 | CY18: *.한국전력공사
C19: -.소방착공신고및준공검사 | D19: -.소방착공신고및준공검사 | AB19: 소방착공신고 | CO19: 소방준공검사 | CY19: *.소방서
A20: 전 기 공 사 | B20: 전 기 공 사 | C20: 01.옥외보안등설비공사 | D20: 옥외보안등설비공사 | E20: 10972464 | F20: 0.0013 | CC20: 옥외배관 | CH20: 케이블 배선 | CN20: 보안등설치
C21: 02.수변전설비공사 | D21: 배관공사 | E21: 15341683 | F21: 0.0019 | BL21: 인입맨홀, 배관 | CA21: 요청검사 | CD21: 사용전검사(고압)
D22: 배선공사 | E22: 43599595 | F22: 0.0053 | BT22: 배선,HEAD 단말
D23: BUS DUCT 설치공사 | E23: 196339441 | F23: 0.0238 | BT23: BUS DUCT 설치
D24: 수배전반, 발전기 설치공사 | E24: 1010560681 | F24: 0.1225 | BP24: 발젅기입고 | BR24: 수배전반입고
C25: 03.전력간선설비공사 | D25: 배관공사 | E25: 148246448 | F25: 0.018 | BL25: 전력간선 노출배관
D26: CABLE 배선공사 | E26: 593656703 | F26: 0.072 | BJ26: 전력간선 케이블 포설
D27: 분전반 설치공사 | E27: 329828776 | F27: 0.04 | AZ27: B3F ~ B1F 분전반설치 | BP27: 3F ~ 10F 분전반설치 | CB27: 1F ~2F 판매시설 분전반 설치
C28: 04.동력설비공사 | D28: 노출배관공사 | E28: 39460096 | F28: 0.0048 | BF28: 지하층 휀룸,공조실 노출배관 | BP28: 기계, 전기실 노출배관 | CB28: 지상층 웬룸, 공조실 노출배관
D29: 배선공사 | E29: 87759239 | F29: 0.0106 | BH29: 지하층 휀룸,공조실 배선 및 결선 | BS29: 기계, 전기실 배선 및 결선 | CE29: 지상층 웬룸, 공조실 배선 및 결선
C30: 05.단위세대전기공사 | D30: 매입배관공사 | E30: 268080045 | F30: 0.0325 | BB30: 3F | BD30: 4F | BG30: 5F | BI30: 6F | BK30: 7F | BL30: 8F | BN30: 9F | BP30: 10F
D31: 배선공사 | E31: 223862154 | F31: 0.0271 | BH31: 3F ~ 7F | BP31: 8F ~ 10F
D32: 기구취부공사 | E32: 942864471 | F32: 0.1143 | BZ32: 3F ~5F 전등,기구취부 | CD32: 6F ~8F 전등,기구취부 | CH32: 9F ~10F 전등,기구취부
C33: 06.전등설비공사 | D33: 매입배관공사 | E33: 185113275 | F33: 0.0225 | AE33: B3F | AM33: B2F | AQ33: B1F | AT33: 1F | AV33: 2F | AY33: PIT | BB33: 3F | BD33: 4F | BG33: 5F | BI33: 6F | BK33: 7F | BL33: 8F | BN33: 9F | BP33: 10F
D34: 배선공사 | E34: 109628744 | F34: 0.0133 | AR34: 지하 B3F ~ B1F | BA34: 1F ~ 3F | BH34: 4F ~ 6F | BP34: 7F ~ 10F
D35: 기구취부공사 | E35: 264332131 | F35: 0.0321 | BO35: 전기,기계실 RACEWAY등 취부 | BW35: 주차장 RACEWAY등 취부 | CB35: 3F ~6F 공용 취부 | CF35: 7F ~ 10F 공용 취부 | CJ35: 1 ~2F 공용 및 상가취부
C36: 07.전열설비공사 | D36: 매입배관공사 | E36: 18269456 | F36: 0.0022 | AE36: B3F | AM36: B2F | AQ36: B1F | AT36: 1F | AV36: 2F | AY36: PIT | BB36: 3F | BD36: 4F | BG36: 5F | BI36: 6F | BK36: 7F | BL36: 8F | BN36: 9F | BP36: 10F
D37: 배선공사 | E37: 22944624 | F37: 0.0028 | AR37: 지하 B3F ~ B1F | BA37: 1F ~ 3F | BH37: 4F ~ 6F | BP37: 7F ~ 10F
D38: 기구취부공사 | E38: 20105314 | F38: 0.0024 | BO38: 전기,기계실 기구 취부 | BW38: 주차장 기구 취부 | BZ38: 3F ~6F 공용 취부 | CD38: 7F ~ 10F 공용 취부 | CH38: 1 ~2F 공용 및 상가취부
C39: 08.전력제어설비공사 | D39: 노출배관공사 | E39: 9392796 | F39: 0.0011 | BY39: 노출배관
D40: 배선공사 | E40: 4399289 | F40: 0.0005 | CA40: 간선 케이블 배선
D41: 시스템 설치공사 | E41: 31947545 | F41: 0.0039 | CD41: 전기실 장비 설치/결선 | CI41: 감시실 장비설치/결선
C42: 09.조명제어설비공사 | D42: 매입배관공사 | E42: 5461137 | F42: 0.0007 | AE42: B3F | AM42: B2F | AQ42: B1F | AT42: 1F | AV42: 2F | AY42: PIT | BB42: 3F | BD42: 4F | BG42: 5F | BI42: 6F | BK42: 7F | BL42: 8F | BN42: 9F | BP42: 10F
D43: 배선공사 | E43: 4981538 | F43: 0.0006 | AI43: 지하층 조명제어 매입배관/ 배선 | AY43: 지상층 조명제어 매입배관/ 배선 | CA43: 간선 케이블 배선
D44: 시스템 설치공사 | E44: 67707914 | F44: 0.0082 | CD44: 각층 LCP 설치/결선 | CI44: 감시실 장비설치/결선
C45: 10.피뢰및접지설비공사 | D45: 매입배관공사 | E45: 2288500 | F45: 0.0003 | AE45: 피뢰접지 매입배관 | AI45: B3F | AM45: B2F | AQ45: B1F | AT45: 1F | AV45: 2F | AY45: PIT | BB45: 3F | BD45: 4F | BG45: 5F | BI45: 6F | BK45: 7F | BL45: 8F | BN45: 9F | BP45: 10F
D46: BC및CABLE 배선공사 | E46: 7659902 | F46: 0.0009 | AD46: 지하층 피뢰접지BC포설 및 전기실 접지 인출
D47: 접지봉 및 피뢰침설치공사 | E47: 25378442 | F47: 0.0031 | BT47: 전기실,통신실 접지단자함설치 | BW47: 옥탑피뢰도선설치,안테나보호피뢰침설치
C48: 11.태양광설비공사 | D48: 노출배관공사 | E48: 1569455 | F48: 0.0002 | CA48: 노출배관
D49: CABLE 배선공사 | E49: 3745804 | F49: 0.0005 | CC49: 배선
D50: 시스템설치공사 | E50: 98804916 | F50: 0.012 | CE50: 태양광설비 설치,결선
C51: 12.CABLE TRAY설비공사 | D51: CABLE TRAY 설치공사 | E51: 201805090 | F51: 0.0245 | AV51: 지하층 트레이 설치 | BC51: B3F ~ 2F 입상 트레이 설치 | BJ51: 1F~6층 트레이 설치 | BQ51: 전기실트레이 | BT51: 7F~10층 트레이 설치
D52: 접지 CABLE 배선공사 | E52: 49098997 | F52: 0.006 | BL52: 트레이 접지 케이블 포설,결선
B53: 통 신 공 사 | C53: 13.통합배선설비공사 | D53: 매입배관공사 | E53: 70565098 | F53: 0.0086 | AE53: B3F | AM53: B2F | AQ53: B1F | AT53: 1F | AV53: 2F | AY53: PIT | BB53: 3F | BD53: 4F | BG53: 5F | BI53: 6F | BK53: 7F | BL53: 8F | BN53: 9F | BP53: 10F
D54: 배선공사 | E54: 200111231 | F54: 0.0243 | BD54: 지하층 | BF54: 1F ~ 3F | BL54: 4F ~6F | BQ54: 7F ~ 10F | BV54: 입상부 배선
D55: 기구취부, 시스템설치공사 | E55: 279654845 | F55: 0.0339 | CB55: 지하층 공용부 취부 | CC55: 3F ~ 10F 공용 취부 | CF55: 1 ~2F 공용 및 상가취부 | CK55: 시스템설치,결선
C56: 14.CATV설비공사 | D56: 매입배관공사 | E56: 48299293 | F56: 0.0059 | AE56: B3F | AM56: B2F | AQ56: B1F | AT56: 1F | AV56: 2F | AY56: PIT | BB56: 3F | BD56: 4F | BG56: 5F | BI56: 6F | BK56: 7F | BL56: 8F | BN56: 9F | BP56: 10F
D57: 배선공사 | E57: 135302257 | F57: 0.0164 | BD57: 지하층 | BF57: 1F ~ 3F | BL57: 4F ~6F | BQ57: 7F ~ 10F | BV57: 입상부 배선
D58: 기구취부, 시스템설치공사 | E58: 62540033 | F58: 0.0076 | CB58: 지하층 공용부 취부 | CC58: 3F ~ 10F 공용 취부 | CF58: 1 ~2F 공용 및 상가취부 | CK58: 시스템설치,결선
C59: 15.단위세대통신공사 | D59: 매입배관공사 | E59: 73097942 | F59: 0.0089 | BB59: 3F | BD59: 4F | BG59: 5F | BI59: 6F | BK59: 7F | BL59: 8F | BN59: 9F | BP59: 10F
D60: 배선공사 | E60: 64680519 | F60: 0.0078 | BH60: 3F ~ 7F | BP60: 8F ~ 10F
D61: 기구취부공사 | E61: 278796154 | F61: 0.0338 | BZ61: 3F ~5F 기구취부 | CD61: 6F ~8F 기구취부 | CH61: 9F ~10F ,기구취부
C62: 16.홈오토설비공사 | D62: 매입배관공사 | E62: 24807385 | F62: 0.003 | AE62: B3F | AM62: B2F | AQ62: B1F | AT62: 1F | AV62: 2F | AY62: PIT | BB62: 3F | BD62: 4F | BG62: 5F | BI62: 6F | BK62: 7F | BL62: 8F | BN62: 9F | BP62: 10F
D63: 배선공사 | E63: 34523277 | F63: 0.0042 | AU63: 지하 B3F ~ B1F | BE63: 1F ~ 3F | BL63: 4F ~6F | BQ63: 7F ~ 10F | BV63: 입상부 배선
D64: 기구취부, 시스템설치공사 | E64: 153468150 | F64: 0.0186 | AB64: 지하층 피뢰접지 및 전기실 접지 설치 | CB64: 지하층 공용부 취부 | CC64: 3F ~ 10F 세대, 공용 취부 | CI64: 시스템 설치, 결선
C65: 17.방송설비공사 | D65: 매입배관공사 | E65: 41304635 | F65: 0.005 | AE65: B3F | AM65: B2F | AQ65: B1F | AT65: 1F | AV65: 2F | AY65: PIT | BB65: 3F | BD65: 4F | BG65: 5F | BI65: 6F | BK65: 7F | BL65: 8F | BN65: 9F | BP65: 10F
D66: 배선공사 | E66: 37228944 | F66: 0.0045 | AU66: 지하 B3F ~ B1F | BE66: 1F ~ 3F | BL66: 4F ~6F | BQ66: 7F ~ 10F | BV66: 입상부 배선
D67: 기구취부, 시스템설치공사 | E67: 118518165 | F67: 0.0144 | CB67: 지하층 공용부 취부 | CC67: 3F~10F 세대,공용 취부 | CG67: 단자함설치,1,2F공용취부 | CL67: 시스템설치,결선
C68: 18.CCTV설비공사 | D68: 매입배관공사 | E68: 16977802 | F68: 0.0021 | AE68: B3F | AM68: B2F | AQ68: B1F | AT68: 1F | AV68: 2F | AY68: PIT | BB68: 3F | BD68: 4F | BG68: 5F | BI68: 6F | BK68: 7F | BL68: 8F | BN68: 9F | BP68: 10F
D69: 배선공사 | E69: 39301152 | F69: 0.0048 | AU69: 지하 B3F ~ B1F | BE69: 1F ~ 3F | BL69: 4F ~6F | BQ69: 7F ~ 10F | BV69: 입상부 배선
D70: 기구취부, 시스템설치공사 | E70: 262410508 | F70: 0.0318 | BW70: 주차장 기구 취부 | CC70: 3F ~6F 공용 취부 | CF70: 7F ~ 10F 공용 취부 | CJ70: 1 ~2F 공용, 시스템 설치,결선
C71: 19.원격검침설비공사 | D71: 매입배관공사 | E71: 19990271 | F71: 0.0024 | AT71: 1F | AV71: 2F | AY71: PIT | BB71: 3F | BD71: 4F | BG71: 5F | BI71: 6F | BK71: 7F | BL71: 8F | BN71: 9F | BP71: 10F
D72: 배선공사 | E72: 20096504 | F72: 0.0024 | BC72: 1F ~ 2F | BH72: 3F ~ 7F | BP72: 8F ~ 10F
D73: 기구취부, 시스템설치공사 | E73: 37574247 | F73: 0.0046 | CE73: 판넬 설치, 결선 | CJ73: 시스템 설치,결선
C74: 20.객실관리시스템공사 | D74: 매입배관공사 | E74: 64202671 | F74: 0.0078 | AT74: 1F | AV74: 2F | AY74: PIT | BB74: 3F | BD74: 4F | BG74: 5F | BI74: 6F | BK74: 7F | BL74: 8F | BN74: 9F | BP74: 10F
D75: 배선공사 | E75: 65755243 | F75: 0.008 | BH75: 1F ~ 5F | BP75: 6F ~ 10F
C76: 21.주차관제설비공사 | D76: 매입배관공사 | E76: 5338428 | F76: 0.0006 | AL76: B3F | AO76: B2F | AR76: B1F | AT76: 1F
D77: 배선공사 | E77: 4251053 | F77: 0.0005 | AU77: 배선공사 | CA77: 배선공사
D78: 기구취부, 시스템설치공사 | E78: 141156560 | F78: 0.0171 | CF78: 주자장 기구취부 | CJ78: 시스템 설치,결선
C79: 22.CABLE TRAY설비공사 | D79: CABLE TRAY 설치공사 | E79: 139284896 | F79: 0.016892465 | AV79: 지하층 트레이 설치 | BC79: B3F ~ 2F 입상 트레이 설치 | BJ79: 1F~6층 트레이 설치 | BT79: 7F~10층 트레이 설치
D80: 접지 CABLE 배선공사 | E80: 11682188 | F80: 0.0014168152 | BQ80: 트레이 접지 케이블 포설,결선
B81: 소 방 공 사 | C81: 23.자탐설비공사 | D81: 매입배관공사 | E81: 117136974 | F81: 0.0142 | AE81: B3F | AM81: B2F | AQ81: B1F | AT81: 1F | AV81: 2F | AY81: PIT | BB81: 3F | BD81: 4F | BG81: 5F | BI81: 6F | BK81: 7F | BL81: 8F | BN81: 9F | BP81: 10F
D82: 배선공사 | E82: 92680243 | F82: 0.0112 | AR82: 지하 B3F ~ B1F | BA82: 1F ~ 3F | BH82: 4F ~ 6F | BP82: 7F ~ 10F | CE82: 소방간선 배선
D83: 기구취부, 시스템설치공사 | E83: 245906997 | F83: 0.0298 | BO83: 전기,기계실 기구 취부 | BT83: 주차장 기구 취부,결선 | BY83: 3F ~6F 세대, 공용 취부,결선 | CD83: 7F ~ 10F 세대,공용 취부,결선 | CI83: 1 ~2F 상가취부,결선 | CM83: 수신반설치,결선 | CO83: 소방준공검사
C84: 24.유도등설비공사 | D84: 매입배관공사 | E84: 23017730 | F84: 0.0028 | AE84: B3F | AM84: B2F | AQ84: B1F | AT84: 1F | AV84: 2F | AY84: PIT | BB84: 3F | BD84: 4F | BG84: 5F | BI84: 6F | BK84: 7F | BL84: 8F | BN84: 9F | BP84: 10F
D85: 배선공사 | E85: 13443908 | F85: 0.0016 | AR85: 지하 B3F ~ B1F | BA85: 1F ~ 3F | BH85: 4F ~ 6F | BP85: 7F ~ 10F
D86: 기구취부, 시스템설치공사 | E86: 141489460 | F86: 0.0172 | BO86: 전기,기계실 기구 취부 | BT86: 주차장 기구 취부,결선 | BY86: 3F ~6F 세대, 공용 취부,결선 | CD86: 7F ~ 10F 세대,공용 취부,결선 | CI86: 1 ~2F 상가취부,결선
C87: 25.무선통신보조설비공사 | D87: 매입배관공사 | E87: 5668888 | F87: 0.0007 | AJ87: B3F | AM87: B2F | AQ87: B1F | AT87: 1F
D88: 배선공사 | E88: 60035599 | F88: 0.0073 | CE88: 배선공사
D89: 기구취부, 시스템설치공사 | E89: 49880149 | F89: 0.006 | CJ89: 시스템 설치,결선
C90: -.연동시험 및 시운전 | D90: -.연동시험 및 시운전 | CN90: 전기, 통신, 소방 연동 TEST
A91: 계획 주당공정율 | G91: 0 | H91: 0 | I91: 0 | J91: 0 | K91: 0 | L91: 0 | M91: 0 | N91: 0 | O91: 0 | P91: 0 | Q91: 0 | R91: 0 | S91: 0 | T91: 0 | U91: 0 | V91: 0 | W91: 0 | X91: 0 | Y91: 0 | Z91: 0 | AA91: 0 | AB91: 0 | AC91: 0.058 | AD91: 0.068 | AE91: 0.068 | AF91: 0.068 | AG91: 0.068 | AH91: 0.069 | AI91: 0.069 | AJ91: 0.075 | AK91: 0.088 | AL91: 0.11 | AM91: 0.165 | AN91: 0.175 | AO91: 0.165 | AP91: 0.253 | AQ91: 0.248 | AR91: 0.248 | AS91: 0.344 | AT91: 0.364 | AU91: 0.5506 | AV91: 0.5401 | AW91: 0.5401 | AX91: 0.5311 | AY91: 0.6681 | AZ91: 0.6681 | BA91: 0.9241 | BB91: 0.9401 | BC91: 0.9401 | BD91: 1.3031 | BE91: 1.3231 | BF91: 1.3231 | BG91: 1.4751 | BH91: 1.4811 | BI91: 1.5381 | BJ91: 1.5021 | BK91: 1.7301 | BL91: 2.1751 | BM91: 2.1171 | BN91: 1.7651 | BO91: 2.3371 | BP91: 6.4481 | BQ91: 6.1186 | BR91: 6.3786 | BS91: 2.5136 | BT91: 2.473 | BU91: 2.449 | BV91: 2.35 | BW91: 1.682 | BX91: 1.2 | BY91: 1.786 | BZ91: 1.796 | CA91: 2.468 | CB91: 2.468 | CC91: 2.648 | CD91: 2.688 | CE91: 3.293 | CF91: 3.313 | CG91: 3.318 | CH91: 3.343 | CI91: 2.998 | CJ91: 3.372 | CK91: 2.152 | CL91: 1.648 | CM91: 1 | CN91: 1 | CO91: 0.01 | CP91: 0.01 | CQ91: 0 | CR91: 0 | CS91: 0 | CT91: 0 | CU91: 0 | CV91: 0 | CW91: 0 | CX91: 0
A92: 계획 누적공정율 | G92: 0 | H92: 0 | I92: 0 | J92: 0 | K92: 0 | L92: 0 | M92: 0 | N92: 0 | O92: 0 | P92: 0 | Q92: 0 | R92: 0 | S92: 0 | T92: 0 | U92: 0 | V92: 0 | W92: 0 | X92: 0 | Y92: 0 | Z92: 0 | AA92: 0 | AB92: 0 | AC92: 0.058 | AD92: 0.126 | AE92: 0.194 | AF92: 0.262 | AG92: 0.33 | AH92: 0.399 | AI92: 0.468 | AJ92: 0.543 | AK92: 0.631 | AL92: 0.741 | AM92: 0.906 | AN92: 1.081 | AO92: 1.246 | AP92: 1.499 | AQ92: 1.747 | AR92: 1.995 | AS92: 2.339 | AT92: 2.703 | AU92: 3.2536 | AV92: 3.7937 | AW92: 4.3338 | AX92: 4.8649 | AY92: 5.533 | AZ92: 6.2011 | BA92: 7.1252 | BB92: 8.0653 | BC92: 9.0054 | BD92: 10.3085 | BE92: 11.6316 | BF92: 12.9547 | BG92: 14.4298 | BH92: 15.9109 | BI92: 17.449 | BJ92: 18.9511 | BK92: 20.6812 | BL92: 22.8563 | BM92: 24.9734 | BN92: 26.7385 | BO92: 29.0756 | BP92: 35.5237 | BQ92: 41.6423 | BR92: 48.0209 | BS92: 50.5345 | BT92: 53.0075 | BU92: 55.4565 | BV92: 57.8065 | BW92: 59.4885 | BX92: 60.6885 | BY92: 62.4745 | BZ92: 64.2705 | CA92: 66.7385 | CB92: 69.2065 | CC92: 71.8545 | CD92: 74.5425 | CE92: 77.8355 | CF92: 81.1485 | CG92: 84.4665 | CH92: 87.8095 | CI92: 90.8075 | CJ92: 94.1795 | CK92: 96.3315 | CL92: 97.9795 | CM92: 98.9795 | CN92: 99.9795 | CO92: 99.9895 | CP92: 99.9995 | CQ92: 99.9995 | CR92: 99.9995 | CS92: 99.9995 | CT92: 99.9995 | CU92: 99.9995 | CV92: 99.9995 | CW92: 99.9995 | CX92: 99.9995
A93: 실적 주당공정율
A94: 실적 누적공정율

Sheet 3. 예정공정표
C4: 예 정 공 정 표
C6: ='0. 집행계획(갑지)'!D7 -> 1.공 사 명 : (공사코드: )
C7: 공 종 | E7: 단위 | F7: 공정량 | G7: 보할 | H7: 공 사 기 간 | AG7: 비 고
H8: 00년 | T8: 00년 | AF8: 00년
H9: 1월 | I9: 2월 | J9: 3월 | K9: 4월 | L9: 5월 | M9: 6월 | N9: 7월 | O9: 8월 | P9: 9월 | Q9: 10월 | R9: 11월 | S9: 12월 | T9: 1월 | U9: 2월 | V9: 3월 | W9: 4월 | X9: 5월 | Y9: 6월 | Z9: 7월 | AA9: 8월 | AB9: 9월 | AC9: 10월 | AD9: 11월 | AE9: 12월 | AF9: 1월
H10: 1M | I10: 2M | J10: 3M | K10: 4M | L10: 5M | M10: 6M | N10: 7M | O10: 8M | P10: 9M | Q10: 10M | R10: 11M | S10: 12M | T10: 13M | U10: 14M | V10: 15M | W10: 16M | X10: 17M | Y10: 18M | Z10: 19M | AA10: 20M | AB10: 21M | AC10: 22M | AD10: 23M | AE10: 24M | AF10: 25M
C59: 계 | G59: =SUM(G11:G58) -> 0
C61: GS네오텍 | G61: Page : | AG61: GP-4050-04(1)

Sheet 인원투입계획
B2: 급여
B3: 구분 | E3: 년 | Q3: 년 | AE3: 년 | AQ3: 합계 | AR3: 금액
B4: 성명 | C4: 직위 | D4: 급여 | E4: 3월 | F4: 4월 | G4: 5월 | H4: 6월 | I4: 7월 | J4: 8월 | K4: 9월 | L4: 10월 | M4: 11월 | N4: 12월 | O4: 소계 | P4: 금액 | Q4: 1월 | R4: 2월 | S4: 3월 | T4: 4월 | U4: 5월 | V4: 6월 | W4: 7월 | X4: 8월 | Y4: 9월 | Z4: 10월 | AA4: 11월 | AB4: 12월 | AC4: 소계 | AD4: 금액 | AE4: 1월 | AF4: 2월 | AG4: 3월 | AH4: 4월 | AI4: 5월 | AJ4: 6월 | AK4: 7월 | AL4: 8월 | AM4: 9월 | AN4: 10월 | AO4: 소계 | AP4: 금액
A5: 간접비
B11: 소계
A13: 직접비
C23: 하자/정리
C24: 하자/정리
B25: 소계 | D25: =SUM(D13:D22)/12 -> 0
B37: 소계
B39: 합계
B41: 상여
B42: 구분 | E42: 년 | Q42: 년 | AE42: 년 | AQ42: 합계 | AR42: 금액
B43: 성명 | C43: 직위 | D43: 급여 | E43: 3월 | F43: 4월 | G43: 5월 | H43: 6월 | I43: 7월 | J43: 8월 | K43: 9월 | L43: 10월 | M43: 11월 | N43: 12월 | O43: 소계 | P43: 금액 | Q43: 1월 | R43: 2월 | S43: 3월 | T43: 4월 | U43: 5월 | V43: 6월 | W43: 7월 | X43: 8월 | Y43: 9월 | Z43: 10월 | AA43: 11월 | AB43: 12월 | AC43: 소계 | AD43: 금액 | AE43: 1월 | AF43: 2월 | AG43: 3월 | AH43: 4월 | AI43: 5월 | AJ43: 6월 | AK43: 7월 | AL43: 8월 | AM43: 9월 | AN43: 10월 | AO43: 소계 | AP43: 금액
A44: 직원
B45: 소계
B47: 퇴직금
B48: 구분 | E48: 년 | Q48: 년 | AE48: 년 | AQ48: 합계 | AR48: 금액
B49: 성명 | C49: 직위 | D49: 급여 | E49: 3월 | F49: 4월 | G49: 5월 | H49: 6월 | I49: 7월 | J49: 8월 | K49: 9월 | L49: 10월 | M49: 11월 | N49: 12월 | O49: 소계 | P49: 금액 | Q49: 1월 | R49: 2월 | S49: 3월 | T49: 4월 | U49: 5월 | V49: 6월 | W49: 7월 | X49: 8월 | Y49: 9월 | Z49: 10월 | AA49: 11월 | AB49: 12월 | AC49: 소계 | AD49: 금액 | AE49: 1월 | AF49: 2월 | AG49: 3월 | AH49: 4월 | AI49: 5월 | AJ49: 6월 | AK49: 7월 | AL49: 8월 | AM49: 9월 | AN49: 10월 | AO49: 소계 | AP49: 금액
A50: 직원
B51: 소계
B52: 퇴직금
B53: 구분 | E53: 년 | Q53: 년 | AE53: 년 | AQ53: 합계 | AR53: 금액
B54: 성명 | C54: 직위 | D54: 급여 | E54: 3월 | F54: 4월 | G54: 5월 | H54: 6월 | I54: 7월 | J54: 8월 | K54: 9월 | L54: 10월 | M54: 11월 | N54: 12월 | O54: 소계 | P54: 금액 | Q54: 1월 | R54: 2월 | S54: 3월 | T54: 4월 | U54: 5월 | V54: 6월 | W54: 7월 | X54: 8월 | Y54: 9월 | Z54: 10월 | AA54: 11월 | AB54: 12월 | AC54: 소계 | AD54: 금액 | AE54: 1월 | AF54: 2월 | AG54: 3월 | AH54: 4월 | AI54: 5월 | AJ54: 6월 | AK54: 7월 | AL54: 8월 | AM54: 9월 | AN54: 10월 | AO54: 소계 | AP54: 금액
A55: 간접비
B61: 소계
A63: 직접비
C73: 하자/정리
C74: 하자/정리
B75: 소계 | D75: =SUM(D63:D74)/12 -> 0
B77: 합계
B79: 주재수당
B80: 구분 | E80: 년 | Q80: 년 | AE80: 년 | AQ80: 합계 | AR80: 금액
B81: 성명 | C81: 직위 | D81: 주재비 | E81: 3월 | F81: 4월 | G81: 5월 | H81: 6월 | I81: 7월 | J81: 8월 | K81: 9월 | L81: 10월 | M81: 11월 | N81: 12월 | O81: 소계 | P81: 금액 | Q81: 1월 | R81: 2월 | S81: 3월 | T81: 4월 | U81: 5월 | V81: 6월 | W81: 7월 | X81: 8월 | Y81: 9월 | Z81: 10월 | AA81: 11월 | AB81: 12월 | AC81: 소계 | AD81: 금액 | AE81: 1월 | AF81: 2월 | AG81: 3월 | AH81: 4월 | AI81: 5월 | AJ81: 6월 | AK81: 7월 | AL81: 8월 | AM81: 9월 | AN81: 10월 | AO81: 소계 | AP81: 금액
B83: 소계
B85: 주부식대
B86: 구분 | E86: 년 | Q86: 년 | AE86: 년 | AQ86: 합계 | AR86: 금액
B87: 성명 | C87: 직위 | D87: 1식 | E87: 3월 | F87: 4월 | G87: 5월 | H87: 6월 | I87: 7월 | J87: 8월 | K87: 9월 | L87: 10월 | M87: 11월 | N87: 12월 | O87: 소계 | P87: 금액 | Q87: 1월 | R87: 2월 | S87: 3월 | T87: 4월 | U87: 5월 | V87: 6월 | W87: 7월 | X87: 8월 | Y87: 9월 | Z87: 10월 | AA87: 11월 | AB87: 12월 | AC87: 소계 | AD87: 금액 | AE87: 1월 | AF87: 2월 | AG87: 3월 | AH87: 4월 | AI87: 5월 | AJ87: 6월 | AK87: 7월 | AL87: 8월 | AM87: 9월 | AN87: 10월 | AO87: 소계 | AP87: 금액
A88: 간접비
B94: 소계
A95: 직접비
C105: 하자/정리
C106: 하자/정리
B107: 소계 | D107: =SUM(D95:D106)/12 -> 0
B108: 합계
B110: 숙소
B111: 구분 | E111: 년 | Q111: 년 | AE111: 년 | AQ111: 합계 | AR111: 금액
B112: 성명 | C112: 직위 | D112: 방 임대료 | E112: 3월 | F112: 4월 | G112: 5월 | H112: 6월 | I112: 7월 | J112: 8월 | K112: 9월 | L112: 10월 | M112: 11월 | N112: 12월 | O112: 소계 | P112: 금액 | Q112: 1월 | R112: 2월 | S112: 3월 | T112: 4월 | U112: 5월 | V112: 6월 | W112: 7월 | X112: 8월 | Y112: 9월 | Z112: 10월 | AA112: 11월 | AB112: 12월 | AC112: 소계 | AD112: 금액 | AE112: 1월 | AF112: 2월 | AG112: 3월 | AH112: 4월 | AI112: 5월 | AJ112: 6월 | AK112: 7월 | AL112: 8월 | AM112: 9월 | AN112: 10월 | AO112: 소계 | AP112: 금액
B122: 소계

Sheet 5-1. 재료비산출내역
O1: 3
D2: [ ■ 본사 □ 현지 ] 재료비 산출내역
D3: 재료비 산출내역(1=본사 재료비, 2=현지 재료비)
D4: ='0. 집행계획(갑지)'!D7 -> 1.공 사 명 : (공사코드: ) | AJ4: 【단위 : 원】
D5: 자재 코드 | E5: 품 명 | F5: 규 격 | G5: 단위 | H5: 계 약 | K5: 집행계획(A) | N5: 정산누계(B) [~25년] | Q5: 당기계획(C) [26년] | T5: 당기 이후 | AH5: 계(E=B+C+D) | AJ5: 비 고
T6: [27년] | W6: [28년] | Z6: [29년] | AC6: [30년~] | AF6: 소계(D)
H7: 수량 | I7: 단가 | J7: 금액 | K7: 수량 | L7: 단가 | M7: 금액 | N7: 수량 | O7: 단가 | P7: 금액 | Q7: 수량 | R7: 단가 | S7: 금액 | T7: 수량 | U7: 단가 | V7: 금액 | W7: 수량 | X7: 단가 | Y7: 금액 | Z7: 수량 | AA7: 단가 | AB7: 금액 | AC7: 수량 | AD7: 단가 | AE7: 금액 | AF7: 수량 | AG7: 금액 | AH7: 수량 | AI7: 금액
J8: =H8*I8 -> 0 | M8: =K8*L8 -> 0 | P8: =N8*O8 -> 0 | S8: =Q8*R8 -> 0 | V8: =T8*U8 -> 0 | Y8: =W8*X8 -> 0 | AB8: =Z8*AA8 -> 0 | AE8: =AC8*AD8 -> 0 | AF8: =T8+W8+Z8+AC8 -> 0 | AG8: =V8+Y8+AB8+AE8 -> 0 | AH8: =AF8+Q8+N8 -> 0 | AI8: =AG8+S8+P8 -> 0 | AM8: 자재코드(D열) : 1 (Cloud사용료), 2(라이선스)
J9: =H9*I9 -> 0 | M9: =K9*L9 -> 0 | P9: =N9*O9 -> 0 | S9: =Q9*R9 -> 0 | V9: =T9*U9 -> 0 | Y9: =W9*X9 -> 0 | AB9: =Z9*AA9 -> 0 | AE9: =AC9*AD9 -> 0 | AF9: =T9+W9+Z9+AC9 -> 0 | AG9: =V9+Y9+AB9+AE9 -> 0 | AH9: =AF9+Q9+N9 -> 0 | AI9: =AG9+S9+P9 -> 0 | AL9: =AI9-M9 -> 0
J10: =H10*I10 -> 0 | M10: =K10*L10 -> 0 | P10: =N10*O10 -> 0 | S10: =Q10*R10 -> 0 | V10: =T10*U10 -> 0 | Y10: =W10*X10 -> 0 | AB10: =Z10*AA10 -> 0 | AE10: =AC10*AD10 -> 0 | AF10: =T10+W10+Z10+AC10 -> 0 | AG10: =V10+Y10+AB10+AE10 -> 0 | AH10: =AF10+Q10+N10 -> 0 | AI10: =AG10+S10+P10 -> 0 | AL10: =AI10-M10 -> 0
J11: =H11*I11 -> 0 | M11: =K11*L11 -> 0 | P11: =N11*O11 -> 0 | S11: =Q11*R11 -> 0 | V11: =T11*U11 -> 0 | Y11: =W11*X11 -> 0 | AB11: =Z11*AA11 -> 0 | AE11: =AC11*AD11 -> 0 | AF11: =T11+W11+Z11+AC11 -> 0 | AG11: =V11+Y11+AB11+AE11 -> 0 | AH11: =AF11+Q11+N11 -> 0 | AI11: =AG11+S11+P11 -> 0 | AL11: =AI11-M11 -> 0
J12: =H12*I12 -> 0 | M12: =K12*L12 -> 0 | P12: =N12*O12 -> 0 | S12: =Q12*R12 -> 0 | V12: =T12*U12 -> 0 | Y12: =W12*X12 -> 0 | AB12: =Z12*AA12 -> 0 | AE12: =AC12*AD12 -> 0 | AF12: =T12+W12+Z12+AC12 -> 0 | AG12: =V12+Y12+AB12+AE12 -> 0 | AH12: =AF12+Q12+N12 -> 0 | AI12: =AG12+S12+P12 -> 0 | AL12: =AI12-M12 -> 0
J13: =H13*I13 -> 0 | M13: =K13*L13 -> 0 | P13: =N13*O13 -> 0 | S13: =Q13*R13 -> 0 | V13: =T13*U13 -> 0 | Y13: =W13*X13 -> 0 | AB13: =Z13*AA13 -> 0 | AE13: =AC13*AD13 -> 0 | AF13: =T13+W13+Z13+AC13 -> 0 | AG13: =V13+Y13+AB13+AE13 -> 0 | AH13: =AF13+Q13+N13 -> 0 | AI13: =AG13+S13+P13 -> 0 | AL13: =AI13-M13 -> 0
J14: =H14*I14 -> 0 | M14: =K14*L14 -> 0 | P14: =N14*O14 -> 0 | S14: =Q14*R14 -> 0 | V14: =T14*U14 -> 0 | Y14: =W14*X14 -> 0 | AB14: =Z14*AA14 -> 0 | AE14: =AC14*AD14 -> 0 | AF14: =T14+W14+Z14+AC14 -> 0 | AG14: =V14+Y14+AB14+AE14 -> 0 | AH14: =AF14+Q14+N14 -> 0 | AI14: =AG14+S14+P14 -> 0 | AL14: =AI14-M14 -> 0
J15: =H15*I15 -> 0 | M15: =K15*L15 -> 0 | P15: =N15*O15 -> 0 | S15: =Q15*R15 -> 0 | V15: =T15*U15 -> 0 | Y15: =W15*X15 -> 0 | AB15: =Z15*AA15 -> 0 | AE15: =AC15*AD15 -> 0 | AF15: =T15+W15+Z15+AC15 -> 0 | AG15: =V15+Y15+AB15+AE15 -> 0 | AH15: =AF15+Q15+N15 -> 0 | AI15: =AG15+S15+P15 -> 0 | AL15: =AI15-M15 -> 0
J16: =H16*I16 -> 0 | M16: =K16*L16 -> 0 | P16: =N16*O16 -> 0 | S16: =Q16*R16 -> 0 | V16: =T16*U16 -> 0 | Y16: =W16*X16 -> 0 | AB16: =Z16*AA16 -> 0 | AE16: =AC16*AD16 -> 0 | AF16: =T16+W16+Z16+AC16 -> 0 | AG16: =V16+Y16+AB16+AE16 -> 0 | AH16: =AF16+Q16+N16 -> 0 | AI16: =AG16+S16+P16 -> 0 | AL16: =AI16-M16 -> 0
J17: =H17*I17 -> 0 | M17: =K17*L17 -> 0 | P17: =N17*O17 -> 0 | S17: =Q17*R17 -> 0 | V17: =T17*U17 -> 0 | Y17: =W17*X17 -> 0 | AB17: =Z17*AA17 -> 0 | AE17: =AC17*AD17 -> 0 | AF17: =T17+W17+Z17+AC17 -> 0 | AG17: =V17+Y17+AB17+AE17 -> 0 | AH17: =AF17+Q17+N17 -> 0 | AI17: =AG17+S17+P17 -> 0 | AL17: =AI17-M17 -> 0
J18: =H18*I18 -> 0 | M18: =K18*L18 -> 0 | P18: =N18*O18 -> 0 | S18: =Q18*R18 -> 0 | V18: =T18*U18 -> 0 | Y18: =W18*X18 -> 0 | AB18: =Z18*AA18 -> 0 | AE18: =AC18*AD18 -> 0 | AF18: =T18+W18+Z18+AC18 -> 0 | AG18: =V18+Y18+AB18+AE18 -> 0 | AH18: =AF18+Q18+N18 -> 0 | AI18: =AG18+S18+P18 -> 0 | AL18: =AI18-M18 -> 0
J19: =H19*I19 -> 0 | M19: =K19*L19 -> 0 | P19: =N19*O19 -> 0 | S19: =Q19*R19 -> 0 | V19: =T19*U19 -> 0 | Y19: =W19*X19 -> 0 | AB19: =Z19*AA19 -> 0 | AE19: =AC19*AD19 -> 0 | AF19: =T19+W19+Z19+AC19 -> 0 | AG19: =V19+Y19+AB19+AE19 -> 0 | AH19: =AF19+Q19+N19 -> 0 | AI19: =AG19+S19+P19 -> 0 | AL19: =AI19-M19 -> 0
J20: =H20*I20 -> 0 | M20: =K20*L20 -> 0 | P20: =N20*O20 -> 0 | S20: =Q20*R20 -> 0 | V20: =T20*U20 -> 0 | Y20: =W20*X20 -> 0 | AB20: =Z20*AA20 -> 0 | AE20: =AC20*AD20 -> 0 | AF20: =T20+W20+Z20+AC20 -> 0 | AG20: =V20+Y20+AB20+AE20 -> 0 | AH20: =AF20+Q20+N20 -> 0 | AI20: =AG20+S20+P20 -> 0 | AL20: =AI20-M20 -> 0
... J25: =H25*I25 -> 0 | M25: =K25*L25 -> 0 | P25: =N25*O25 -> 0 | S25: =Q25*R25 -> 0 | V25: =T25*U25 -> 0 | Y25: =W25*X25 -> 0 | AB25: =Z25*AA25 -> 0 | AE25: =AC25*AD25 -> 0 | AF25: =T25+W25+Z25+AC25 -> 0 | AG25: =V25+Y25+AB25+AE25 -> 0 | AH25: =AF25+Q25+N25 -> 0 | AI25: =AG25+S25+P25 -> 0 | AL25: =AI25-M25 -> 0
D26: 합 계 | J26: =SUM(J8:J25) -> 0 | M26: =SUM(M8:M25) -> 0 | P26: =SUM(P8:P25) -> 0 | S26: =SUM(S8:S25) -> 0 | V26: =SUM(V8:V25) -> 0 | Y26: =SUM(Y8:Y25) -> 0 | AB26: =SUM(AB8:AB25) -> 0 | AE26: =SUM(AE8:AE25) -> 0 | AG26: =SUM(AG8:AG25) -> 0 | AI26: =SUM(AI8:AI25) -> 0 | AL26: =AI26-M26 -> 0
D28: GS네오텍 | G28: Page : | AJ28: GP-4050-07(1)

Sheet 5-2. 회선비산출내역
O1: 3
D2: [ ■ 본사 □ 현지 ] 재료비 산출내역
D3: 회선비 산출내역(1=Cloud 사용료(AWS/구글 등), 2=라이선스(국산/외산))
D4: ='0. 집행계획(갑지)'!D7 -> 1.공 사 명 : (공사코드: ) | AJ4: 【단위 : 원】
D5: 자재 코드 | E5: 품 명 | F5: 규 격 | G5: 단위 | H5: 계 약 | K5: 집행계획(A) | N5: 정산누계(B) [~25년] | Q5: 당기계획(C) [26년] | T5: 당기 이후 | AH5: 계(E=B+C+D) | AJ5: 비 고
T6: [27년] | W6: [28년] | Z6: [29년] | AC6: [30년] | AF6: 소계(D)
H7: 수량 | I7: 단가 | J7: 금액 | K7: 수량 | L7: 단가 | M7: 금액 | N7: 수량 | O7: 단가 | P7: 금액 | Q7: 수량 | R7: 단가 | S7: 금액 | T7: 수량 | U7: 단가 | V7: 금액 | W7: 수량 | X7: 단가 | Y7: 금액 | Z7: 수량 | AA7: 단가 | AB7: 금액 | AC7: 수량 | AD7: 단가 | AE7: 금액 | AF7: 수량 | AG7: 금액 | AH7: 수량 | AI7: 금액
J8: =H8*I8 -> 0 | M8: =K8*L8 -> 0 | P8: =N8*O8 -> 0 | S8: =Q8*R8 -> 0 | V8: =T8*U8 -> 0 | Y8: =W8*X8 -> 0 | AB8: =Z8*AA8 -> 0 | AE8: =AC8*AD8 -> 0 | AF8: =T8+W8+Z8+AC8 -> 0 | AG8: =V8+Y8+AB8+AE8 -> 0 | AH8: =AF8+Q8+N8 -> 0 | AI8: =AG8+S8+P8 -> 0
J9: =H9*I9 -> 0 | M9: =K9*L9 -> 0 | P9: =N9*O9 -> 0 | S9: =Q9*R9 -> 0 | V9: =T9*U9 -> 0 | Y9: =W9*X9 -> 0 | AB9: =Z9*AA9 -> 0 | AE9: =AC9*AD9 -> 0 | AF9: =T9+W9+Z9+AC9 -> 0 | AG9: =V9+Y9+AB9+AE9 -> 0 | AH9: =AF9+Q9+N9 -> 0 | AI9: =AG9+S9+P9 -> 0 | AL9: =AI9-M9 -> 0
J10: =H10*I10 -> 0 | M10: =K10*L10 -> 0 | P10: =N10*O10 -> 0 | S10: =Q10*R10 -> 0 | V10: =T10*U10 -> 0 | Y10: =W10*X10 -> 0 | AB10: =Z10*AA10 -> 0 | AE10: =AC10*AD10 -> 0 | AF10: =T10+W10+Z10+AC10 -> 0 | AG10: =V10+Y10+AB10+AE10 -> 0 | AH10: =AF10+Q10+N10 -> 0 | AI10: =AG10+S10+P10 -> 0 | AL10: =AI10-M10 -> 0
J11: =H11*I11 -> 0 | M11: =K11*L11 -> 0 | P11: =N11*O11 -> 0 | S11: =Q11*R11 -> 0 | V11: =T11*U11 -> 0 | Y11: =W11*X11 -> 0 | AB11: =Z11*AA11 -> 0 | AE11: =AC11*AD11 -> 0 | AF11: =T11+W11+Z11+AC11 -> 0 | AG11: =V11+Y11+AB11+AE11 -> 0 | AH11: =AF11+Q11+N11 -> 0 | AI11: =AG11+S11+P11 -> 0 | AL11: =AI11-M11 -> 0
J12: =H12*I12 -> 0 | M12: =K12*L12 -> 0 | P12: =N12*O12 -> 0 | S12: =Q12*R12 -> 0 | V12: =T12*U12 -> 0 | Y12: =W12*X12 -> 0 | AB12: =Z12*AA12 -> 0 | AE12: =AC12*AD12 -> 0 | AF12: =T12+W12+Z12+AC12 -> 0 | AG12: =V12+Y12+AB12+AE12 -> 0 | AH12: =AF12+Q12+N12 -> 0 | AI12: =AG12+S12+P12 -> 0 | AL12: =AI12-M12 -> 0
J13: =H13*I13 -> 0 | M13: =K13*L13 -> 0 | P13: =N13*O13 -> 0 | S13: =Q13*R13 -> 0 | V13: =T13*U13 -> 0 | Y13: =W13*X13 -> 0 | AB13: =Z13*AA13 -> 0 | AE13: =AC13*AD13 -> 0 | AF13: =T13+W13+Z13+AC13 -> 0 | AG13: =V13+Y13+AB13+AE13 -> 0 | AH13: =AF13+Q13+N13 -> 0 | AI13: =AG13+S13+P13 -> 0 | AL13: =AI13-M13 -> 0
J14: =H14*I14 -> 0 | M14: =K14*L14 -> 0 | P14: =N14*O14 -> 0 | S14: =Q14*R14 -> 0 | V14: =T14*U14 -> 0 | Y14: =W14*X14 -> 0 | AB14: =Z14*AA14 -> 0 | AE14: =AC14*AD14 -> 0 | AF14: =T14+W14+Z14+AC14 -> 0 | AG14: =V14+Y14+AB14+AE14 -> 0 | AH14: =AF14+Q14+N14 -> 0 | AI14: =AG14+S14+P14 -> 0 | AL14: =AI14-M14 -> 0
J15: =H15*I15 -> 0 | M15: =K15*L15 -> 0 | P15: =N15*O15 -> 0 | S15: =Q15*R15 -> 0 | V15: =T15*U15 -> 0 | Y15: =W15*X15 -> 0 | AB15: =Z15*AA15 -> 0 | AE15: =AC15*AD15 -> 0 | AF15: =T15+W15+Z15+AC15 -> 0 | AG15: =V15+Y15+AB15+AE15 -> 0 | AH15: =AF15+Q15+N15 -> 0 | AI15: =AG15+S15+P15 -> 0 | AL15: =AI15-M15 -> 0
J16: =H16*I16 -> 0 | M16: =K16*L16 -> 0 | P16: =N16*O16 -> 0 | S16: =Q16*R16 -> 0 | V16: =T16*U16 -> 0 | Y16: =W16*X16 -> 0 | AB16: =Z16*AA16 -> 0 | AE16: =AC16*AD16 -> 0 | AF16: =T16+W16+Z16+AC16 -> 0 | AG16: =V16+Y16+AB16+AE16 -> 0 | AH16: =AF16+Q16+N16 -> 0 | AI16: =AG16+S16+P16 -> 0 | AL16: =AI16-M16 -> 0
J17: =H17*I17 -> 0 | M17: =K17*L17 -> 0 | P17: =N17*O17 -> 0 | S17: =Q17*R17 -> 0 | V17: =T17*U17 -> 0 | Y17: =W17*X17 -> 0 | AB17: =Z17*AA17 -> 0 | AE17: =AC17*AD17 -> 0 | AF17: =T17+W17+Z17+AC17 -> 0 | AG17: =V17+Y17+AB17+AE17 -> 0 | AH17: =AF17+Q17+N17 -> 0 | AI17: =AG17+S17+P17 -> 0 | AL17: =AI17-M17 -> 0
J18: =H18*I18 -> 0 | M18: =K18*L18 -> 0 | P18: =N18*O18 -> 0 | S18: =Q18*R18 -> 0 | V18: =T18*U18 -> 0 | Y18: =W18*X18 -> 0 | AB18: =Z18*AA18 -> 0 | AE18: =AC18*AD18 -> 0 | AF18: =T18+W18+Z18+AC18 -> 0 | AG18: =V18+Y18+AB18+AE18 -> 0 | AH18: =AF18+Q18+N18 -> 0 | AI18: =AG18+S18+P18 -> 0 | AL18: =AI18-M18 -> 0
J19: =H19*I19 -> 0 | M19: =K19*L19 -> 0 | P19: =N19*O19 -> 0 | S19: =Q19*R19 -> 0 | V19: =T19*U19 -> 0 | Y19: =W19*X19 -> 0 | AB19: =Z19*AA19 -> 0 | AE19: =AC19*AD19 -> 0 | AF19: =T19+W19+Z19+AC19 -> 0 | AG19: =V19+Y19+AB19+AE19 -> 0 | AH19: =AF19+Q19+N19 -> 0 | AI19: =AG19+S19+P19 -> 0 | AL19: =AI19-M19 -> 0
J20: =H20*I20 -> 0 | M20: =K20*L20 -> 0 | P20: =N20*O20 -> 0 | S20: =Q20*R20 -> 0 | V20: =T20*U20 -> 0 | Y20: =W20*X20 -> 0 | AB20: =Z20*AA20 -> 0 | AE20: =AC20*AD20 -> 0 | AF20: =T20+W20+Z20+AC20 -> 0 | AG20: =V20+Y20+AB20+AE20 -> 0 | AH20: =AF20+Q20+N20 -> 0 | AI20: =AG20+S20+P20 -> 0 | AL20: =AI20-M20 -> 0
... J25: =H25*I25 -> 0 | M25: =K25*L25 -> 0 | P25: =N25*O25 -> 0 | S25: =Q25*R25 -> 0 | V25: =T25*U25 -> 0 | Y25: =W25*X25 -> 0 | AB25: =Z25*AA25 -> 0 | AE25: =AC25*AD25 -> 0 | AF25: =T25+W25+Z25+AC25 -> 0 | AG25: =V25+Y25+AB25+AE25 -> 0 | AH25: =AF25+Q25+N25 -> 0 | AI25: =AG25+S25+P25 -> 0 | AL25: =AI25-M25 -> 0
D26: 합 계 | J26: =SUM(J8:J25) -> 0 | M26: =SUM(M8:M25) -> 0 | P26: =SUM(P8:P25) -> 0 | S26: =SUM(S8:S25) -> 0 | V26: =SUM(V8:V25) -> 0 | Y26: =SUM(Y8:Y25) -> 0 | AB26: =SUM(AB8:AB25) -> 0 | AE26: =SUM(AE8:AE25) -> 0 | AG26: =SUM(AG8:AG25) -> 0 | AI26: =SUM(AI8:AI25) -> 0 | AL26: =AI26-M26 -> 0
D28: GS네오텍 | G28: Page : | AJ28: GP-4050-07(1)

Sheet 5-3. 소모품비산출내역
O1: 3
D2: [ ■ 본사 □ 현지 ] 재료비 산출내역
D3: 소모품비 산출내역(1=공사용 소모품비, 2=사무용 소모품비)
D4: ='0. 집행계획(갑지)'!D7 -> 1.공 사 명 : (공사코드: ) | AJ4: 【단위 : 원】
D5: 자재 코드 | E5: 품 명 | F5: 규 격 | G5: 단위 | H5: 계 약 | K5: 집행계획(A) | N5: 정산누계(B) [~25년] | Q5: 당기계획(C) [26년] | T5: 당기 이후 | AH5: 계(E=B+C+D) | AJ5: 비 고
T6: [27년] | W6: [28년] | Z6: [29년] | AC6: [30년] | AF6: 소계(D)
H7: 수량 | I7: 단가 | J7: 금액 | K7: 수량 | L7: 단가 | M7: 금액 | N7: 수량 | O7: 단가 | P7: 금액 | Q7: 수량 | R7: 단가 | S7: 금액 | T7: 수량 | U7: 단가 | V7: 금액 | W7: 수량 | X7: 단가 | Y7: 금액 | Z7: 수량 | AA7: 단가 | AB7: 금액 | AC7: 수량 | AD7: 단가 | AE7: 금액 | AF7: 수량 | AG7: 금액 | AH7: 수량 | AI7: 금액
J8: =H8*I8 -> 0 | M8: =K8*L8 -> 0 | P8: =N8*O8 -> 0 | S8: =Q8*R8 -> 0 | V8: =T8*U8 -> 0 | Y8: =W8*X8 -> 0 | AB8: =Z8*AA8 -> 0 | AE8: =AC8*AD8 -> 0 | AF8: =T8+W8+Z8+AC8 -> 0 | AG8: =V8+Y8+AB8+AE8 -> 0 | AH8: =AF8+Q8+N8 -> 0 | AI8: =AG8+S8+P8 -> 0 | AM8: 자재코드(D열) : 1(공사용 소모품비)., 2(사무용 소모품비)
J9: =H9*I9 -> 0 | M9: =K9*L9 -> 0 | P9: =N9*O9 -> 0 | S9: =Q9*R9 -> 0 | V9: =T9*U9 -> 0 | Y9: =W9*X9 -> 0 | AB9: =Z9*AA9 -> 0 | AE9: =AC9*AD9 -> 0 | AF9: =T9+W9+Z9+AC9 -> 0 | AG9: =V9+Y9+AB9+AE9 -> 0 | AH9: =AF9+Q9+N9 -> 0 | AI9: =AG9+S9+P9 -> 0 | AL9: =AI9-M9 -> 0
J10: =H10*I10 -> 0 | M10: =K10*L10 -> 0 | P10: =N10*O10 -> 0 | S10: =Q10*R10 -> 0 | V10: =T10*U10 -> 0 | Y10: =W10*X10 -> 0 | AB10: =Z10*AA10 -> 0 | AE10: =AC10*AD10 -> 0 | AF10: =T10+W10+Z10+AC10 -> 0 | AG10: =V10+Y10+AB10+AE10 -> 0 | AH10: =AF10+Q10+N10 -> 0 | AI10: =AG10+S10+P10 -> 0 | AL10: =AI10-M10 -> 0
J11: =H11*I11 -> 0 | M11: =K11*L11 -> 0 | P11: =N11*O11 -> 0 | S11: =Q11*R11 -> 0 | V11: =T11*U11 -> 0 | Y11: =W11*X11 -> 0 | AB11: =Z11*AA11 -> 0 | AE11: =AC11*AD11 -> 0 | AF11: =T11+W11+Z11+AC11 -> 0 | AG11: =V11+Y11+AB11+AE11 -> 0 | AH11: =AF11+Q11+N11 -> 0 | AI11: =AG11+S11+P11 -> 0 | AL11: =AI11-M11 -> 0
J12: =H12*I12 -> 0 | M12: =K12*L12 -> 0 | P12: =N12*O12 -> 0 | S12: =Q12*R12 -> 0 | V12: =T12*U12 -> 0 | Y12: =W12*X12 -> 0 | AB12: =Z12*AA12 -> 0 | AE12: =AC12*AD12 -> 0 | AF12: =T12+W12+Z12+AC12 -> 0 | AG12: =V12+Y12+AB12+AE12 -> 0 | AH12: =AF12+Q12+N12 -> 0 | AI12: =AG12+S12+P12 -> 0 | AL12: =AI12-M12 -> 0
J13: =H13*I13 -> 0 | M13: =K13*L13 -> 0 | P13: =N13*O13 -> 0 | S13: =Q13*R13 -> 0 | V13: =T13*U13 -> 0 | Y13: =W13*X13 -> 0 | AB13: =Z13*AA13 -> 0 | AE13: =AC13*AD13 -> 0 | AF13: =T13+W13+Z13+AC13 -> 0 | AG13: =V13+Y13+AB13+AE13 -> 0 | AH13: =AF13+Q13+N13 -> 0 | AI13: =AG13+S13+P13 -> 0 | AL13: =AI13-M13 -> 0
J14: =H14*I14 -> 0 | M14: =K14*L14 -> 0 | P14: =N14*O14 -> 0 | S14: =Q14*R14 -> 0 | V14: =T14*U14 -> 0 | Y14: =W14*X14 -> 0 | AB14: =Z14*AA14 -> 0 | AE14: =AC14*AD14 -> 0 | AF14: =T14+W14+Z14+AC14 -> 0 | AG14: =V14+Y14+AB14+AE14 -> 0 | AH14: =AF14+Q14+N14 -> 0 | AI14: =AG14+S14+P14 -> 0 | AL14: =AI14-M14 -> 0
J15: =H15*I15 -> 0 | M15: =K15*L15 -> 0 | P15: =N15*O15 -> 0 | S15: =Q15*R15 -> 0 | V15: =T15*U15 -> 0 | Y15: =W15*X15 -> 0 | AB15: =Z15*AA15 -> 0 | AE15: =AC15*AD15 -> 0 | AF15: =T15+W15+Z15+AC15 -> 0 | AG15: =V15+Y15+AB15+AE15 -> 0 | AH15: =AF15+Q15+N15 -> 0 | AI15: =AG15+S15+P15 -> 0 | AL15: =AI15-M15 -> 0
J16: =H16*I16 -> 0 | M16: =K16*L16 -> 0 | P16: =N16*O16 -> 0 | S16: =Q16*R16 -> 0 | V16: =T16*U16 -> 0 | Y16: =W16*X16 -> 0 | AB16: =Z16*AA16 -> 0 | AE16: =AC16*AD16 -> 0 | AF16: =T16+W16+Z16+AC16 -> 0 | AG16: =V16+Y16+AB16+AE16 -> 0 | AH16: =AF16+Q16+N16 -> 0 | AI16: =AG16+S16+P16 -> 0 | AL16: =AI16-M16 -> 0
J17: =H17*I17 -> 0 | M17: =K17*L17 -> 0 | P17: =N17*O17 -> 0 | S17: =Q17*R17 -> 0 | V17: =T17*U17 -> 0 | Y17: =W17*X17 -> 0 | AB17: =Z17*AA17 -> 0 | AE17: =AC17*AD17 -> 0 | AF17: =T17+W17+Z17+AC17 -> 0 | AG17: =V17+Y17+AB17+AE17 -> 0 | AH17: =AF17+Q17+N17 -> 0 | AI17: =AG17+S17+P17 -> 0 | AL17: =AI17-M17 -> 0
J18: =H18*I18 -> 0 | M18: =K18*L18 -> 0 | P18: =N18*O18 -> 0 | S18: =Q18*R18 -> 0 | V18: =T18*U18 -> 0 | Y18: =W18*X18 -> 0 | AB18: =Z18*AA18 -> 0 | AE18: =AC18*AD18 -> 0 | AF18: =T18+W18+Z18+AC18 -> 0 | AG18: =V18+Y18+AB18+AE18 -> 0 | AH18: =AF18+Q18+N18 -> 0 | AI18: =AG18+S18+P18 -> 0 | AL18: =AI18-M18 -> 0
J19: =H19*I19 -> 0 | M19: =K19*L19 -> 0 | P19: =N19*O19 -> 0 | S19: =Q19*R19 -> 0 | V19: =T19*U19 -> 0 | Y19: =W19*X19 -> 0 | AB19: =Z19*AA19 -> 0 | AE19: =AC19*AD19 -> 0 | AF19: =T19+W19+Z19+AC19 -> 0 | AG19: =V19+Y19+AB19+AE19 -> 0 | AH19: =AF19+Q19+N19 -> 0 | AI19: =AG19+S19+P19 -> 0 | AL19: =AI19-M19 -> 0
J20: =H20*I20 -> 0 | M20: =K20*L20 -> 0 | P20: =N20*O20 -> 0 | S20: =Q20*R20 -> 0 | V20: =T20*U20 -> 0 | Y20: =W20*X20 -> 0 | AB20: =Z20*AA20 -> 0 | AE20: =AC20*AD20 -> 0 | AF20: =T20+W20+Z20+AC20 -> 0 | AG20: =V20+Y20+AB20+AE20 -> 0 | AH20: =AF20+Q20+N20 -> 0 | AI20: =AG20+S20+P20 -> 0 | AL20: =AI20-M20 -> 0
... J25: =H25*I25 -> 0 | M25: =K25*L25 -> 0 | P25: =N25*O25 -> 0 | S25: =Q25*R25 -> 0 | V25: =T25*U25 -> 0 | Y25: =W25*X25 -> 0 | AB25: =Z25*AA25 -> 0 | AE25: =AC25*AD25 -> 0 | AF25: =T25+W25+Z25+AC25 -> 0 | AG25: =V25+Y25+AB25+AE25 -> 0 | AH25: =AF25+Q25+N25 -> 0 | AI25: =AG25+S25+P25 -> 0 | AL25: =AI25-M25 -> 0
D26: 합 계 | J26: =SUM(J8:J25) -> 0 | M26: =SUM(M8:M25) -> 0 | P26: =SUM(P8:P25) -> 0 | S26: =SUM(S8:S25) -> 0 | V26: =SUM(V8:V25) -> 0 | Y26: =SUM(Y8:Y25) -> 0 | AB26: =SUM(AB8:AB25) -> 0 | AE26: =SUM(AE8:AE25) -> 0 | AG26: =SUM(AG8:AG25) -> 0 | AI26: =SUM(AI8:AI25) -> 0 | AL26: =AI26-M26 -> 0
D28: GS네오텍 | G28: Page : | AJ28: GP-4050-07(1)

Sheet 원가투입 기성청구
A1: 원가투입 & 기성청구 계획
A3: =#REF! -> #REF! | AJ3: [단위 :백만원]
A4: 구분 | B4: 금액 | C4: 년 | N4: 년 | Z4: 년 | AJ4: 비고
B5: 보할 | C5: 2월 | D5: 3월 | E5: 4월 | F5: 5월 | G5: 6월 | H5: 7월 | I5: 8월 | J5: 9월 | K5: 10월 | L5: 11월 | M5: 12월 | N5: 1월 | O5: 2월 | P5: 3월 | Q5: 4월 | R5: 5월 | S5: 6월 | T5: 7월 | U5: 8월 | V5: 9월 | W5: 10월 | X5: 11월 | Y5: 12월 | Z5: 1월 | AA5: 2월 | AB5: 3월 | AC5: 4월 | AD5: 5월 | AE5: 6월 | AF5: 7월 | AG5: 8월 | AH5: 9월 | AI5: 10월
A6: 집행원가
A7: 재료비 | B7: 당월
B8: 누계
B9: 투입율 (누계)
A10: 노무비 | B10: 당월
B11: 누계
B12: 투입율 (누계)
A13: 외주비 | B13: 당월
B14: 누계
B15: 투입율 (누계)
A16: 경비 | B16: 당월
B17: 누계
B18: 투입율 (누계)
A19: 원가 | B19: 당월 | C19: =C7+C10+C13+C16 -> 0 | D19: =D7+D10+D13+D16 -> 0 | E19: =E7+E10+E13+E16 -> 0 | F19: =F7+F10+F13+F16 -> 0 | G19: =G7+G10+G13+G16 -> 0 | H19: =H7+H10+H13+H16 -> 0 | I19: =I7+I10+I13+I16 -> 0 | J19: =J7+J10+J13+J16 -> 0 | ... AI19: =AI7+AI10+AI13+AI16 -> 0
B20: 누계 | C20: =C19 -> 0 | D20: =C20+D19 -> 0 | E20: =D20+E19 -> 0 | F20: =E20+F19 -> 0 | G20: =F20+G19 -> 0 | H20: =G20+H19 -> 0 | I20: =H20+I19 -> 0 | J20: =I20+J19 -> 0 | K20: =J20+K19 -> 0 | ... AI20: =AH20+AI19 -> 0
B21: 투입율 (당월) | C21: =IFERROR(C19/$B$6,0) | D21: =IFERROR(D19/$B$6,0) | E21: =IFERROR(E19/$B$6,0) | F21: 0 | G21: 0 | H21: 0 | I21: 0 | J21: 0 | K21: 0 | L21: 0 | M21: 0 | N21: 0 | O21: 0 | P21: 0 | Q21: 0 | R21: 0 | S21: 0 | T21: 0 | U21: 0 | V21: 0 | W21: 0 | X21: 0 | Y21: 0 | Z21: 0 | AA21: 0 | AB21: 0 | AC21: 0 | AD21: 0 | AE21: 0 | AF21: 0 | AG21: 0 | AH21: 0 | AI21: 0
B22: 투입율 (누계) | C22: =IFERROR(C20/$B$6,0) | D22: =IFERROR(D20/$B$6,0) | E22: 0 | F22: 0 | G22: 0 | H22: 0 | I22: 0 | J22: 0 | K22: 0 | L22: 0 | M22: 0 | N22: 0 | O22: 0 | P22: 0 | Q22: 0 | R22: 0 | S22: 0 | T22: 0 | U22: 0 | V22: 0 | W22: 0 | X22: 0 | Y22: 0 | Z22: 0 | AA22: 0 | AB22: 0 | AC22: 0 | AD22: 0 | AE22: 0 | AF22: 0 | AG22: 0 | AH22: 0 | AI22: 0
A23: 공정율 | B23: 당월
B24: 누계 | C24: =C23 -> 0 | D24: =C24+D23 -> 0 | E24: =D24+E23 -> 0 | F24: =E24+F23 -> 0 | G24: =F24+G23 -> 0 | H24: =G24+H23 -> 0 | I24: =H24+I23 -> 0 | J24: =I24+J23 -> 0 | K24: =J24+K23 -> 0 | ... AI24: =AH24+AI23 -> 0
A25: 기성청구 | B25: 금액 | C25: 0
B26: 누계 | C26: =C25 -> 0 | D26: =C26+D25 -> 0 | E26: =D26+E25 -> 0 | F26: =E26+F25 -> 0 | G26: =F26+G25 -> 0 | H26: =G26+H25 -> 0 | I26: =H26+I25 -> 0 | J26: =I26+J25 -> 0 | K26: =J26+K25 -> 0 | ... AI26: =AH26+AI25 -> 0
B27: 청구율 | C27: =IFERROR(C26/C20,0) | D27: =IFERROR(D26/D20,0) | E27: #DIV/0! | F27: #DIV/0! | G27: #DIV/0! | H27: #DIV/0! | I27: #DIV/0! | J27: #DIV/0! | K27: #DIV/0! | L27: #DIV/0! | M27: #DIV/0! | N27: #DIV/0! | O27: #DIV/0! | P27: #DIV/0! | Q27: #DIV/0! | R27: #DIV/0! | S27: #DIV/0! | T27: #DIV/0! | U27: #DIV/0! | V27: #DIV/0! | W27: #DIV/0! | X27: #DIV/0! | Y27: #DIV/0! | Z27: #DIV/0! | AA27: #DIV/0! | AB27: #DIV/0! | AC27: #DIV/0! | AD27: #DIV/0! | AE27: #DIV/0! | AF27: #DIV/0! | AG27: #DIV/0! | AH27: #DIV/0! | AI27: #DIV/0!
V28: 원가대비 기성 100%
A29: 수금 | B29: 금액 | C29: 0
B30: 누계 | C30: =C29 -> 0 | D30: =C30+D29 -> 0 | E30: =D30+E29 -> 0 | F30: =E30+F29 -> 0 | G30: =F30+G29 -> 0 | H30: =G30+H29 -> 0 | I30: =H30+I29 -> 0 | J30: =I30+J29 -> 0 | K30: =J30+K29 -> 0 | ... AI30: =AH30+AI29 -> 0
B31: 수금율 | C31: =IFERROR(C30/C20,0) | D31: =IFERROR(D30/D20,0) | E31: #DIV/0! | F31: #DIV/0! | G31: #DIV/0! | H31: #DIV/0! | I31: #DIV/0! | J31: #DIV/0! | K31: #DIV/0! | L31: #DIV/0! | M31: #DIV/0! | N31: #DIV/0! | O31: #DIV/0! | P31: #DIV/0! | Q31: #DIV/0! | R31: #DIV/0! | S31: #DIV/0! | T31: #DIV/0! | U31: #DIV/0! | V31: #DIV/0! | W31: #DIV/0! | X31: #DIV/0! | Y31: #DIV/0! | Z31: #DIV/0! | AA31: #DIV/0! | AB31: #DIV/0! | AC31: #DIV/0! | AD31: #DIV/0! | AE31: #DIV/0! | AF31: #DIV/0! | AG31: #DIV/0! | AH31: #DIV/0! | AI31: #DIV/0!
V32: 원가대비 수금 100%
A33: C/F | C33: =C30-C20 -> 0 | D33: =D30-D20 -> 0 | E33: =E30-E20 -> 0 | F33: =F30-F20 -> 0 | G33: =G30-G20 -> 0 | H33: =H30-H20 -> 0 | I33: =I30-I20 -> 0 | J33: =J30-J20 -> 0 | ... AI33: =AI30-AI20 -> 0

Sheet Sheet2

Sheet Index.
C2: [ □ 가 □ 본 ] | G2: 집 행 계 획
B5: 1. 공 사 명 : (공사코드: ) | R5: 2. 원 청 사 :
B6: 3. 발 주 자 : | R6: 4. 공사기간 : ∼ ( 일간)
B7: 5. 현장개설 예정일 : 20 , ,
B9: 견적금액 | G9: 원
B10: 계약금액 | G10: 원 | V10: ( %)
B11: 실행신청금액 | G11: 원 | V11: ( %)
B12: 실행승인금액 | G12: 원 | V12: ( %)
B14: 서류명 | G14: 유 | H14: 무 | I14: 첨부서류 | O14: 서류명 | T14: 유 | U14: 무 | V14: 첨부서류
B15: 견적품의서 | G15: ■ | H15: □ | I15: 예산집계표, 원가산출내역서(재료비, 인력산출 내역 등) | O15: 인원동원계획 | T15: ■ | U15: □
B16: 입찰참가/ 결과 보고서 | G16: ■ | H16: □ | O16: 장비동원계획 | T16: ■ | U16: □
B17: 공사개요 | G17: ■ | H17: □ | O17: 재료비 산출 내역 | T17: ■ | U17: □
B18: 현장조직 및 업무분장 | G18: ■ | H18: □ | O18: 인력 산출 내역 (자체품 적용결과) | T18: ■ | U18: □
B19: 집행계획서 | G19: ■ | H19: □ | O19: 소모품/ 안전관리비 산출 내역 | T19: ■ | U19: □
B20: 집행예산집계표 | G20: ■ | H20: □ | O20: 월중집행계획서 | T20: ■ | U20: □
B21: 집행예산 산출내역서 | G21: ■ | H21: □ | O21: (공정/투입/기성) 현황 | T21: ■ | U21: □
B22: 공사 예정 공정표 | G22: ■ | H22: □ | O22: 기타서류 | T22: □ | U22: □
A24: GS네오텍 Page :

Sheet 0. 집행계획(갑지) (수정집행)
AN3: 지원팀장 : 가급적 영업지원팀장에게 결재, 부재 시 그 외 지원팀장에게 결재
E4: [ □수정 ■이월 □정산 ] | H4: ="집 행 계 획 서 (" & 공통!E5 & " 차)"
D7: ="1.공 사 명 : " & 공통!E3 & " (공사코드: " & 공통!K3 & ")"
D8: ="2.공사기간 : 당초 " & TEXT(HLOOKUP(공통!E5-1, 공통!$E$8:$P$149, 공통!D127, FALSE), "yyyy-mm-dd") & " (" & TEXT(HLOOKUP(공통!E5-1, 공통!$E$8:$P$149, 공통!D128, FALSE), "#,##0") & " 일간) / 변경 " & TEXT(HLOOKUP(공통!E5, 공통!$E$8:$P$149, 공통!D127, FALSE), "yyyy-mm-dd") & " (" & TEXT(HLOOKUP(공통!E5, 공통!$E$8:$P$149, 공통!D128, FALSE), "#,##0") & " 일간)"
D9: ="3.현장소장 : " & HLOOKUP(공통!E5, 공통!$E$8:$P$149, 공통!D12, FALSE) & " (서명)" | AB9: ="작성일자 : "&TEXT(HLOOKUP(공통!E5, 공통!$E$8:$P$149,공통!D10, FALSE),"yyyy-mm-dd")
D10: 4.변경 차수 | AD10: [단위:천원,%]
D11: 최초계약금액 | F11: 변경 계약분 | H11: ="1차 (' " & TEXT(공통!F10,"yy.mm.") & " )" | J11: ="2차 (' " & TEXT(공통!G10,"yy.mm.") & " )" | L11: ="3차 (' " & TEXT(공통!H10,"yy.mm.") & " )" | N11: ="4차 (' " & TEXT(공통!I10,"yy.mm.") & " )" | P11: ="5차 (' " & TEXT(공통!J10,"yy.mm.") & " )" | R11: ="6차 (' " & TEXT(공통!K10,"yy.mm.") & " )" | T11: ="7차 (' " & TEXT(공통!L10,"yy.mm.") & " )" | V11: ="8차 (' " & TEXT(공통!M10,"yy.mm.") & " )" | X11: ="9차 (' " & TEXT(공통!N10,"yy.mm.") & " )" | Z11: ="10차 (' " & TEXT(공통!O10,"yy.mm.") & " )" | AC11: ="11차 (' " & TEXT(공통!P10,"yy.mm.") & " )"
D12: =공통!E139/1000 | F12: =HLOOKUP(공통!E5, 공통!$E$8:$P$149, 공통!D140, FALSE)/1000 | H12: =공통!F139/1000 | J12: =공통!G139/1000 | L12: =공통!H139/1000 | N12: =공통!I139/1000 | P12: =공통!J139/1000 | R12: =공통!K139/1000 | T12: =공통!L139/1000 | V12: =공통!M139/1000 | X12: =공통!N139/1000 | Z12: =공통!O139/1000 | AC12: =공통!P139/1000
D14: 최초집행금액 | F14: 변경 집행분 | H14: =H11 | J14: =J11 | L14: =L11 | N14: =N11 | P14: =P11 | R14: =R11 | T14: =T11 | V14: =V11 | X14: =X11 | Z14: =Z11 | AC14: =AC11
D15: =공통!E145/1000 | E15: =IFERROR((D15/D12),0) | F15: =HLOOKUP(공통!E5, 공통!$E$8:$P$149, 공통!D146, FALSE)/1000 | G15: =IFERROR((F15/F12),0) | H15: =공통!F145/1000 | I15: =IFERROR((H15/H12),0) | J15: =공통!G145/1000 | K15: =IFERROR((J15/J12),0) | L15: =공통!H145/1000 | M15: =IFERROR((L15/L12),0) | N15: =공통!I145/1000 | O15: =IFERROR((N15/N12),0) | P15: =공통!J145/1000 | Q15: =IFERROR((P15/P12),0) | R15: =공통!K145/1000 | S15: =IFERROR((R15/R12),0) | T15: =공통!L145/1000 | U15: =IFERROR((T15/T12),0) | V15: =공통!M145/1000 | W15: =IFERROR((V15/V12),0) | X15: =공통!N145/1000 | Y15: =IFERROR((X15/X12),0) | Z15: =공통!O145/1000 | AB15: =IFERROR((Z15/Z12),0) | AC15: =공통!P145/1000 | AD15: =IFERROR((AC15/AC12),0)
D16: 5.예산집행계획 | AD16: [단위:천원,%]
D17: 구 분 | F17: 수주손익 | H17: 계약금액 | L17: 집행계획(A) | R17: 정산누계(B) [~25년] | T17: 당기 계획 (C) | V17: 당기 이후 | AC17: 총계(E=B+C+D)
T18: [26년] | V18: [27년] | X18: [28년~] | Z18: 소계 [D]
H19: 당초 | J19: 변경 | L19: 당초 | N19: 변경 | P19: 증감
F20: 금 액 | G20: % | H20: 금 액 | I20: % | J20: 금 액 | K20: % | L20: 금 액 | M20: % | N20: 금 액 | O20: % | P20: 금 액 | Q20: % | R20: 금 액 | S20: % | T20: 금 액 | U20: % | V20: 금 액 | W20: % | X20: 금 액 | Y20: % | Z20: 금 액 | AB20: % | AC20: 금 액 | AD20: %
D21: 매 출 액 | F21: ='0. 집행계획(갑지)'!F14 | G21: =IFERROR((F21/F21*100),0) | H21: ='4. 집행예산집계표 (수정집행)'!F9 | I21: ='4. 집행예산집계표 (수정집행)'!G9 | J21: ='4. 집행예산집계표 (수정집행)'!H9 | K21: ='4. 집행예산집계표 (수정집행)'!I9 | L21: ='4. 집행예산집계표 (수정집행)'!J9 | M21: ='4. 집행예산집계표 (수정집행)'!K9 | N21: ='4. 집행예산집계표 (수정집행)'!L9 | O21: ='4. 집행예산집계표 (수정집행)'!M9 | P21: ='4. 집행예산집계표 (수정집행)'!N9 | Q21: =IFERROR((P$21/$N$21*100),0) | R21: ='4. 집행예산집계표 (수정집행)'!O9 | S21: =IFERROR((R$21/$N$21*100),0) | T21: ='4. 집행예산집계표 (수정집행)'!Q9 | U21: =IFERROR((T$21/$N$21*100),0) | V21: ='4. 집행예산집계표 (수정집행)'!S9 | W21: =IFERROR((V$21/$N$21*100),0) | X21: ='4. 집행예산집계표 (수정집행)'!U9 | Y21: =IFERROR((X$21/$N$21*100),0) | Z21: =V21+X21 | AB21: =IFERROR((Z$21/$N$21*100),0) | AC21: =R21+T21+Z21 | AD21: =IFERROR((AC$21/$N$21*100),0)
D22: 재 료 비 | F22: ='0. 집행계획(갑지)'!F15 | G22: =IFERROR((F$22/F$21*100),0) | H22: ='4. 집행예산집계표 (수정집행)'!F10 | I22: =IFERROR((H22/H$21*100),0) | J22: ='4. 집행예산집계표 (수정집행)'!H10 | K22: =IFERROR((J22/J$21*100),0) | L22: ='4. 집행예산집계표 (수정집행)'!J10 | M22: =IFERROR((L22/L$21*100),0) | N22: ='4. 집행예산집계표 (수정집행)'!L10 | O22: =IFERROR((N22/N$21*100),0) | P22: =N22-L22 | Q22: =IFERROR((P22/P$21*100),0) | R22: ='4. 집행예산집계표 (수정집행)'!O10 | S22: =IFERROR((R22/R$21*100),0) | T22: ='4. 집행예산집계표 (수정집행)'!Q10 | U22: =IFERROR((T22/T$21*100),0) | V22: ='4. 집행예산집계표 (수정집행)'!S10 | W22: =IFERROR((V22/V$21*100),0) | X22: ='4. 집행예산집계표 (수정집행)'!U10 | Y22: =IFERROR((X22/X$21*100),0) | Z22: =V22+X22 | AB22: =IFERROR((AA22/AA$21*100),0) | AC22: =R22+T22+Z22 | AD22: =IFERROR((AC22/AC$21*100),0)
D23: 노 무 비 | F23: ='0. 집행계획(갑지)'!F16 | G23: =IFERROR((F$23/F$21*100),0) | H23: ='4. 집행예산집계표 (수정집행)'!F13 | I23: =IFERROR((H23/H$21*100),0) | J23: ='4. 집행예산집계표 (수정집행)'!H13 | K23: =IFERROR((J23/J$21*100),0) | L23: ='4. 집행예산집계표 (수정집행)'!J13 | M23: =IFERROR((L23/L$21*100),0) | N23: ='4. 집행예산집계표 (수정집행)'!L13 | O23: =IFERROR((N23/N$21*100),0) | P23: =N23-L23 | Q23: =IFERROR((P23/P$21*100),0) | R23: ='4. 집행예산집계표 (수정집행)'!O13 | S23: =IFERROR((R23/R$21*100),0) | T23: ='4. 집행예산집계표 (수정집행)'!Q13 | U23: =IFERROR((T23/T$21*100),0) | V23: ='4. 집행예산집계표 (수정집행)'!S13 | W23: =IFERROR((V23/V$21*100),0) | X23: ='4. 집행예산집계표 (수정집행)'!U13 | Y23: =IFERROR((X23/X$21*100),0) | Z23: =V23+X23 | AB23: =IFERROR((AA23/AA$21*100),0) | AC23: =R23+T23+Z23 | AD23: =IFERROR((AC23/AC$21*100),0)
D24: 외 주 비 | F24: ='0. 집행계획(갑지)'!F17 | G24: =IFERROR((F$24/F$21*100),0) | H24: ='4. 집행예산집계표 (수정집행)'!F19 | I24: =IFERROR((H24/H$21*100),0) | J24: ='4. 집행예산집계표 (수정집행)'!H19 | K24: =IFERROR((J24/J$21*100),0) | L24: ='4. 집행예산집계표 (수정집행)'!J19 | M24: =IFERROR((L24/L$21*100),0) | N24: ='4. 집행예산집계표 (수정집행)'!L19 | O24: =IFERROR((N24/N$21*100),0) | P24: =N24-L24 | Q24: =IFERROR((P24/P$21*100),0) | R24: ='4. 집행예산집계표 (수정집행)'!O19 | S24: =IFERROR((R24/R$21*100),0) | T24: ='4. 집행예산집계표 (수정집행)'!Q19 | U24: =IFERROR((T24/T$21*100),0) | V24: ='4. 집행예산집계표 (수정집행)'!S19 | W24: =IFERROR((V24/V$21*100),0) | X24: ='4. 집행예산집계표 (수정집행)'!U19 | Y24: =IFERROR((X24/X$21*100),0) | Z24: =V24+X24 | AB24: =IFERROR((AA24/AA$21*100),0) | AC24: =R24+T24+Z24 | AD24: =IFERROR((AC24/AC$21*100),0)
D25: 경 비 | F25: ='0. 집행계획(갑지)'!F18 | G25: =IFERROR((F$25/F$21*100),0) | H25: ='4. 집행예산집계표 (수정집행)'!F22 | I25: =IFERROR((H25/H$21*100),0) | J25: ='4. 집행예산집계표 (수정집행)'!H22 | K25: =IFERROR((J25/J$21*100),0) | L25: ='4. 집행예산집계표 (수정집행)'!J22 | M25: =IFERROR((L25/L$21*100),0) | N25: ='4. 집행예산집계표 (수정집행)'!L22 | O25: =IFERROR((N25/N$21*100),0) | P25: =N25-L25 | Q25: =IFERROR((P25/P$21*100),0) | R25: ='4. 집행예산집계표 (수정집행)'!O22 | S25: =IFERROR((R25/R$21*100),0) | T25: ='4. 집행예산집계표 (수정집행)'!Q22 | U25: =IFERROR((T25/T$21*100),0) | V25: ='4. 집행예산집계표 (수정집행)'!S22 | W25: =IFERROR((V25/V$21*100),0) | X25: ='4. 집행예산집계표 (수정집행)'!U22 | Y25: =IFERROR((X25/X$21*100),0) | Z25: =V25+X25 | AB25: =IFERROR((AA25/AA$21*100),0) | AC25: =R25+T25+Z25 | AD25: =IFERROR((AC25/AC$21*100),0)
D26: 합 계 | F26: =SUM(F22:F25) | G26: =IFERROR((F26/F21*100),0) | H26: =SUM(H22:H25) | I26: =IFERROR((H26/H$21*100),0) | J26: =SUM(J22:J25) | K26: =IFERROR((J26/J$21*100),0) | L26: =SUM(L22:L25) | M26: =IFERROR((L26/L$21*100),0) | N26: =SUM(N22:N25) | O26: =IFERROR((N26/N$21*100),0) | P26: =N26-L26 | Q26: =IFERROR((P26/P$21*100),0) | R26: =SUM(R22:R25) | S26: =IFERROR((R26/R$21*100),0) | T26: =SUM(T22:T25) | U26: =IFERROR((T26/T$21*100),0) | V26: =SUM(V22:V25) | W26: =IFERROR((V26/V$21*100),0) | X26: =SUM(X22:X25) | Y26: =IFERROR((X26/X$21*100),0) | Z26: =SUM(Z22:AA25) | AB26: =IFERROR((AA26/AA$21*100),0) | AC26: =SUM(AC22:AC25) | AD26: =IFERROR((AC26/AC$21*100),0)
D27: 영업이익 | F27: ='0. 집행계획(갑지)'!F20 | G27: =IFERROR((F$27/F$21*100),0) | I27: =IFERROR((H27/H$21*100),0) | K27: =IFERROR((J27/J$21*100),0) | L27: ='4. 집행예산집계표 (수정집행)'!J42 | M27: =IFERROR((L27/L$21*100),0) | N27: ='4. 집행예산집계표 (수정집행)'!L42 | O27: =IFERROR((N27/N$21*100),0) | P27: =N27-L27 | Q27: =IFERROR((P27/P$21*100),0) | R27: ='4. 집행예산집계표 (수정집행)'!O42 | S27: =IFERROR((R27/R$21*100),0) | T27: ='4. 집행예산집계표 (수정집행)'!Q42 | U27: =IFERROR((T27/T$21*100),0) | V27: ='4. 집행예산집계표 (수정집행)'!S42 | W27: =IFERROR((V27/V$21*100),0) | X27: ='4. 집행예산집계표 (수정집행)'!U42 | Y27: =IFERROR((X27/X$21*100),0) | Z27: ='4. 집행예산집계표 (수정집행)'!W42 | AB27: =IFERROR((AA27/AA$21*100),0) | AC27: ='4. 집행예산집계표 (수정집행)'!Y42 | AD27: =IFERROR((AC27/AC$21*100),0)
D28: 6. 특기사항
D29: 1) 계약관계
D30: =" ① 발주처 : " & 공통!M3 | W30: 조 건 | Y30: 보증요율 | AB30: 보증 금액[VAT별도]
D31: =" ② 계약방식 : " & 공통!G5 | W31: 선 급 금 | Y31: ■ 무 □ 유( %) | AB31: 천원 | AG31: 계약서 명시 내용 작성
D32: =" ③ 기성, 수금 : " & 공통!I5 | W32: 계약이행 | Y32: □ 무 ■ 유( %) | AB32: 천원 | AG32: 계약서 명시 내용 작성
D33: 2) 공사범위 | W33: 하자보수 | Y33: □ 무 ■ 유( %) | AB33: 천원 | AG33: 계약서 명시 내용 작성
D34: =" ① " & 공통!E129 | Y34: ( 준 공 ) 후 ( 36 )개월 | AG34: 계약서 명시 내용 작성
D35: =" ② " & 공통!F129 | W35: 수 금 | Y35: ■현금(00일) □어음(00일) □현금( %)+어음( %) | AG35: 현금/어음/현금+어음 혼합 각각 확인
D36: =" ③ " & 공통!G129
D37: 3) 특수 계약조건 / 이슈내용 / 기타 | W37: 원가산출 기준 등
D38: =" ① " & HLOOKUP(공통!E5, 공통!$E$8:$P$149, 공통!D134, FALSE) | W38: 계약물량 | Y38: ■ 확정 □ 기타( ) | AG38: 계약 물량은 확정만 사용
Y39: □ 부분실행 [ 물량확정 ( )월 후 예상 ]
W40: 집행물량 | Y40: ■ 계약 □ 도면검토 후 산출 | AG40: 집행 물량은 계약만 사용
W41: 자재단가 | Y41: □ 구매 ■ 최종 NEGO가 적용 | AG41: H/W가 있으면 구매, 없으면 견적 100%
W42: 인 건 비 | Y42: □ 정부품셈 대비 (35%+할증 30% 적용) ■ 기타 | AG42: 인건비는 무조건 기타만 사용
W44: 구분 | Y44: 절감액(0월말 기준) | AB44: % | AC44: 반영여부
W45: 구매절감 | AC45: 미반영
W46: 외주절감 | AC46: 미반영
W47: 계
D49: ■ 첨 부 : 1.현장조직/업무분장 2.공사개요 3.예정공정표 4.집행예산집계표 5.집행예산 산출내역서(재료, 인력, 소모품) 6.동원계획(장비, 지급임차료, 인원 )
D51: GS네오텍 Page : | AC51: GP-4050-01(1)

Sheet 4. 집행예산집계표 (수정집행)
C2: 공사집행예산 집계표
C5: ='0. 집행계획(갑지) (수정집행)'!D7 | AA5: 【 단위 : % , 천원 】
C6: 계 약 사 항 | E6: 구분 항목 | F6: 계약금액 | J6: 집 행 계 획(A) | O6: 정산누계(B) [~25년] | Q6: 당기 계획 (C) | S6: 당기이후 | Y6: 총계(E=B+C+D) | AA6: 비고
Q7: [26년] | S7: [27년] | U7: [28년~] | W7: 소계 (D)
F8: 당초 | G8: % | H8: 변경 | I8: % | J8: 당초 | K8: % | L8: 변경 | M8: % | N8: 증감 | O8: 금액 | P8: % | Q8: 금액 | R8: % | S8: 금액 | T8: % | U8: 금액 | V8: % | W8: 금액 | X8: % | Y8: 금액 | Z8: %
E9: 매출액 | F9: =F10+F13+F22 | G9: 100 | H9: =H10+H13+H22 | I9: =G9 | J9: =F9 | K9: =G9 | L9: =H9 | M9: =I9 | N9: =L9-J9 | O9: =IFERROR((L9*HLOOKUP(공통!E5, 공통!$E$8:$P$149, 공통!D13, FALSE)),0) | P9: =IFERROR((O$9/L$9*100),0) | Q9: =IFERROR((L9*HLOOKUP(공통!E5, 공통!$E$8:$P$149, 공통!D14, FALSE)),0) | R9: =IFERROR((Q$9/$L$9*100),0) | T9: =IFERROR((S$9/$L$9*100),0) | V9: =IFERROR((U$9/$L$9*100),0) | W9: =S9+U9 | X9: =IFERROR((W$9/$L$9*100),0) | Y9: =W9+Q9+O9 | Z9: =IFERROR((Y$9/$L$9*100),0)
C10: =" 1. 발 주 자 : "&공통!M3 | E10: 재료비 | F10: =SUM(F11:F12) | G10: =IFERROR((F10/F9*100),0) | H10: =SUM(H11:H12) | I10: =IFERROR((H10/H9*100),0) | J10: =SUM(J11:J12) | K10: =IFERROR((J10/J9*100),0) | L10: =SUM(L11:L12) | M10: =IFERROR((L10/L9*100),0) | N10: =L10-J10 | O10: =SUM(O11:O12) | P10: =IFERROR((O10/O9*100),0) | Q10: =SUM(Q11:Q12) | R10: =IFERROR((Q10/Q9*100),0) | S10: =SUM(S11:S12) | T10: =IFERROR((S10/S9*100),0) | U10: =SUM(U11:U12) | V10: =IFERROR((U10/U9*100),0) | W10: =S10+U10 | X10: =IFERROR((W10/W9*100),0) | Y10: =SUM(Y11:Y12) | Z10: =IFERROR((Y10/Y9*100),0)
E11: 본사재료비 | F11: ='5.집행예산산출내역서 (수정집행)'!F9/1000 | G11: =IFERROR((F11/F9*100),0) | H11: ='5.집행예산산출내역서 (수정집행)'!G9/1000 | I11: =IFERROR((H11/H9*100),0) | J11: ='5.집행예산산출내역서 (수정집행)'!H9/1000 | K11: =IFERROR((J11/J9*100),0) | L11: ='5.집행예산산출내역서 (수정집행)'!I9/1000 | M11: =IFERROR((L11/L9*100),0) | N11: =L11-J11 | O11: ='5.집행예산산출내역서 (수정집행)'!K9/1000 | P11: =IFERROR((O11/O9*100),0) | Q11: ='5.집행예산산출내역서 (수정집행)'!L9/1000 | R11: =IFERROR((Q11/Q9*100),0) | S11: ='5.집행예산산출내역서 (수정집행)'!M9/1000 | T11: =IFERROR((S11/S9*100),0) | U11: ='5.집행예산산출내역서 (수정집행)'!N9/1000 | V11: =IFERROR((U11/U9*100),0) | W11: =U11+S11 | X11: =IFERROR((W11/W9*100),0) | Y11: =W11+Q11+O11 | Z11: =IFERROR((Y11/Y9*100),0)
C12: =" 2. 계약방법 : " &공통!G5 | E12: 현지재료비 | F12: ='5.집행예산산출내역서 (수정집행)'!F10/1000 | G12: =IFERROR((F12/F9*100),0) | H12: ='5.집행예산산출내역서 (수정집행)'!G10/1000 | I12: =IFERROR((H12/H9*100),0) | J12: ='5.집행예산산출내역서 (수정집행)'!H10/1000 | K12: =IFERROR((J12/J9*100),0) | L12: ='5.집행예산산출내역서 (수정집행)'!I10/1000 | M12: =IFERROR((L12/L9*100),0) | N12: =L12-J12 | O12: ='5.집행예산산출내역서 (수정집행)'!K10/1000 | P12: =IFERROR((O12/O9*100),0) | Q12: ='5.집행예산산출내역서 (수정집행)'!L10/1000 | R12: =IFERROR((Q12/Q9*100),0) | S12: ='5.집행예산산출내역서 (수정집행)'!M10/1000 | T12: =IFERROR((S12/S9*100),0) | U12: ='5.집행예산산출내역서 (수정집행)'!N10/1000 | V12: =IFERROR((U12/U9*100),0) | W12: =U12+S12 | X12: =IFERROR((W12/W9*100),0) | Y12: =W12+Q12+O12 | Z12: =IFERROR((Y12/Y9*100),0)
E13: 노무비 | F13: =SUM(F14:F18) | G13: =IFERROR((F13/F9*100),0) | H13: =SUM(H14:H18) | I13: =IFERROR((H13/H9*100),0) | J13: =SUM(J14:J18) | K13: =IFERROR((J13/J9*100),0) | L13: =SUM(L14:L18) | M13: =IFERROR((L13/L9*100),0) | N13: =L13-J13 | O13: =SUM(O14:O18) | P13: =IFERROR((O13/O9*100),0) | Q13: =SUM(Q14:Q18) | R13: =IFERROR((Q13/Q9*100),0) | S13: =SUM(S14:S18) | T13: =IFERROR((S13/S9*100),0) | U13: =SUM(U14:U18) | V13: =IFERROR((U13/U9*100),0) | W13: =S13+U13 | X13: =IFERROR((W13/W9*100),0) | Y13: =W13+Q13+O13 | Z13: =IFERROR((Y13/Y9*100),0)
C14: =" 3. 낙 찰 율 : " & TEXT(HLOOKUP(공통!E5, 공통!$E$8:$P$149, 공통!D11, FALSE), "0%") | E14: 급료(직원) | F14: ='5.집행예산산출내역서 (수정집행)'!F12/1000 | G14: =IFERROR((F14/F9*100),0) | H14: ='5.집행예산산출내역서 (수정집행)'!G12/1000 | I14: =IFERROR((H14/H9*100),0) | J14: ='5.집행예산산출내역서 (수정집행)'!H12/1000 | K14: =IFERROR((J14/J9*100),0) | L14: ='5.집행예산산출내역서 (수정집행)'!I12/1000 | M14: =IFERROR((L14/L9*100),0) | N14: =L14-J14 | O14: ='5.집행예산산출내역서 (수정집행)'!K12/1000 | P14: =IFERROR((O14/O9*100),0) | Q14: ='5.집행예산산출내역서 (수정집행)'!L12/1000 | R14: =IFERROR((Q14/Q9*100),0) | S14: ='5.집행예산산출내역서 (수정집행)'!M12/1000 | T14: =IFERROR((S14/S9*100),0) | U14: ='5.집행예산산출내역서 (수정집행)'!N12/1000 | V14: =IFERROR((U14/U9*100),0) | W14: =U14+S14 | X14: =IFERROR((W14/W9*100),0) | Y14: =W14+Q14+O14 | Z14: =IFERROR((Y14/Y9*100),0)
E15: 임금(현장) | F15: ='5.집행예산산출내역서 (수정집행)'!F14/1000 | G15: =IFERROR((F15/F9*100),0) | H15: ='5.집행예산산출내역서 (수정집행)'!G14/1000 | I15: =IFERROR((H15/H9*100),0) | J15: ='5.집행예산산출내역서 (수정집행)'!H14/1000 | K15: =IFERROR((J15/J9*100),0) | L15: ='5.집행예산산출내역서 (수정집행)'!I14/1000 | M15: =IFERROR((L15/L9*100),0) | N15: =L15-J15 | O15: ='5.집행예산산출내역서 (수정집행)'!K14/1000 | P15: =IFERROR((O15/O9*100),0) | Q15: ='5.집행예산산출내역서 (수정집행)'!L14/1000 | R15: =IFERROR((Q15/Q9*100),0) | S15: ='5.집행예산산출내역서 (수정집행)'!M14/1000 | T15: =IFERROR((S15/S9*100),0) | U15: ='5.집행예산산출내역서 (수정집행)'!N14/1000 | V15: =IFERROR((U15/U9*100),0) | W15: =U15+S15 | X15: =IFERROR((W15/W9*100),0) | Y15: =W15+Q15+O15 | Z15: =IFERROR((Y15/Y9*100),0)
C16: 4. 공사기간 : | E16: 상여금(직원) | F16: ='5.집행예산산출내역서 (수정집행)'!F16/1000 | G16: =IFERROR((F16/F9*100),0) | H16: ='5.집행예산산출내역서 (수정집행)'!G16/1000 | I16: =IFERROR((H16/H9*100),0) | J16: ='5.집행예산산출내역서 (수정집행)'!H16/1000 | K16: =IFERROR((J16/J9*100),0) | L16: ='5.집행예산산출내역서 (수정집행)'!I16/1000 | M16: =IFERROR((L16/L9*100),0) | N16: =L16-J16 | O16: ='5.집행예산산출내역서 (수정집행)'!K16/1000 | P16: =IFERROR((O16/O9*100),0) | Q16: ='5.집행예산산출내역서 (수정집행)'!L16/1000 | R16: =IFERROR((Q16/Q9*100),0) | S16: ='5.집행예산산출내역서 (수정집행)'!M16/1000 | T16: =IFERROR((S16/S9*100),0) | U16: ='5.집행예산산출내역서 (수정집행)'!N16/1000 | V16: =IFERROR((U16/U9*100),0) | W16: =U16+S16 | X16: =IFERROR((W16/W9*100),0) | Y16: =W16+Q16+O16 | Z16: =IFERROR((Y16/Y9*100),0)
C17: =" " & TEXT(HLOOKUP(공통!E5, 공통!$E$8:$P$149, 공통!D127, FALSE), "YYYY-MM-DD") | E17: 퇴직금(직원) | F17: ='5.집행예산산출내역서 (수정집행)'!F18/1000 | G17: =IFERROR((F17/F9*100),0) | H17: ='5.집행예산산출내역서 (수정집행)'!G18/1000 | I17: =IFERROR((H17/H9*100),0) | J17: ='5.집행예산산출내역서 (수정집행)'!H18/1000 | K17: =IFERROR((J17/J9*100),0) | L17: ='5.집행예산산출내역서 (수정집행)'!I18/1000 | M17: =IFERROR((L17/L9*100),0) | N17: =L17-J17 | O17: ='5.집행예산산출내역서 (수정집행)'!K18/1000 | P17: =IFERROR((O17/O9*100),0) | Q17: ='5.집행예산산출내역서 (수정집행)'!L18/1000 | R17: =IFERROR((Q17/Q9*100),0) | S17: ='5.집행예산산출내역서 (수정집행)'!M18/1000 | T17: =IFERROR((S17/S9*100),0) | U17: ='5.집행예산산출내역서 (수정집행)'!N18/1000 | V17: =IFERROR((U17/U9*100),0) | W17: =U17+S17 | X17: =IFERROR((W17/W9*100),0) | Y17: =W17+Q17+O17 | Z17: =IFERROR((Y17/Y9*100),0)
E18: 퇴직금(현장) | F18: ='5.집행예산산출내역서 (수정집행)'!F20/1000 | G18: =IFERROR((F18/F9*100),0) | H18: ='5.집행예산산출내역서 (수정집행)'!G20/1000 | I18: =IFERROR((H18/H9*100),0) | J18: ='5.집행예산산출내역서 (수정집행)'!H20/1000 | K18: =IFERROR((J18/J9*100),0) | L18: ='5.집행예산산출내역서 (수정집행)'!I20/1000 | M18: =IFERROR((L18/L9*100),0) | N18: =L18-J18 | O18: ='5.집행예산산출내역서 (수정집행)'!K20/1000 | P18: =IFERROR((O18/O9*100),0) | Q18: ='5.집행예산산출내역서 (수정집행)'!L20/1000 | R18: =IFERROR((Q18/Q9*100),0) | S18: ='5.집행예산산출내역서 (수정집행)'!M20/1000 | T18: =IFERROR((S18/S9*100),0) | U18: ='5.집행예산산출내역서 (수정집행)'!N20/1000 | V18: =IFERROR((U18/U9*100),0) | W18: =U18+S18 | X18: =IFERROR((W18/W9*100),0) | Y18: =W18+Q18+O18 | Z18: =IFERROR((Y18/Y9*100),0)
C19: =" 5. 계약 금액 : " & TEXT(H9, "#,##0") & " 천원" | E19: 외주비 | F19: =SUM(F20:F21) | G19: =IFERROR((F19/F9*100),0) | H19: =SUM(H20:H21) | I19: =IFERROR((H19/H9*100),0) | J19: =SUM(J20:J21) | K19: =IFERROR((J19/J9*100),0) | L19: =SUM(L20:L21) | M19: =IFERROR((L19/L9*100),0) | N19: =L19-J19 | O19: =SUM(O20:O21) | P19: =IFERROR((O19/O9*100),0) | Q19: =SUM(Q20:Q21) | R19: =IFERROR((Q19/Q9*100),0) | S19: =SUM(S20:S21) | T19: =IFERROR((S19/S9*100),0) | U19: =SUM(U20:U21) | V19: =IFERROR((U19/U9*100),0) | W19: =S19+U19 | X19: =IFERROR((W19/W9*100),0) | Y19: =W19+Q19+O19 | Z19: =IFERROR((Y19/Y9*100),0)
C20: =" 재 료 비 : " & TEXT(H10, "#,##0") & " 천원" | E20: 외주용역비 | F20: ='5.집행예산산출내역서 (수정집행)'!F23 | G20: =IFERROR((F20/F9*100),0) | H20: ='5.집행예산산출내역서 (수정집행)'!G23 | I20: =IFERROR((H20/H9*100),0) | J20: ='5.집행예산산출내역서 (수정집행)'!H23 | K20: =IFERROR((J20/J9*100),0) | L20: ='5.집행예산산출내역서 (수정집행)'!I23 | M20: =IFERROR((L20/L9*100),0) | N20: =L20-J20 | O20: ='5.집행예산산출내역서 (수정집행)'!K23 | P20: =IFERROR((O20/O9*100),0) | Q20: ='5.집행예산산출내역서 (수정집행)'!L23 | R20: =IFERROR((Q20/Q9*100),0) | S20: ='5.집행예산산출내역서 (수정집행)'!M23 | T20: =IFERROR((S20/S9*100),0) | U20: ='5.집행예산산출내역서 (수정집행)'!N23 | V20: =IFERROR((U20/U9*100),0) | W20: =U20+S20 | X20: =IFERROR((W20/W9*100),0) | Y20: =W20+Q20+O20 | Z20: =IFERROR((Y20/Y9*100),0)
C21: =" 노 무 비 : " & TEXT(H13, "#,##0") & " 천원" | E21: 외주가공비 | F21: ='5.집행예산산출내역서 (수정집행)'!F24 | G21: =IFERROR((F21/F9*100),0) | H21: ='5.집행예산산출내역서 (수정집행)'!G24 | I21: =IFERROR((H21/H9*100),0) | J21: ='5.집행예산산출내역서 (수정집행)'!H24 | K21: =IFERROR((J21/J9*100),0) | L21: ='5.집행예산산출내역서 (수정집행)'!I24 | M21: =IFERROR((L21/L9*100),0) | N21: =L21-J21 | O21: ='5.집행예산산출내역서 (수정집행)'!K24 | P21: =IFERROR((O21/O9*100),0) | Q21: ='5.집행예산산출내역서 (수정집행)'!L24 | R21: =IFERROR((Q21/Q9*100),0) | S21: ='5.집행예산산출내역서 (수정집행)'!M24 | T21: =IFERROR((S21/S9*100),0) | U21: ='5.집행예산산출내역서 (수정집행)'!N24 | V21: =IFERROR((U21/U9*100),0) | W21: =U21+S21 | X21: =IFERROR((W21/W9*100),0) | Y21: =W21+Q21+O21 | Z21: =IFERROR((Y21/Y9*100),0)
C22: =" 외 주 비 : " & TEXT(H19, "#,##0") & " 천원" | E22: 경 비 | F22: =SUM(F23:F37) | G22: =IFERROR((F22/F9*100),0) | H22: =SUM(H23:H37) | I22: =IFERROR((H22/H9*100),0) | J22: =SUM(J23:J37) | K22: =IFERROR((J22/J9*100),0) | L22: =SUM(L23:L37) | M22: =IFERROR((L22/L9*100),0) | N22: =L22-J22 | O22: =SUM(O23:O37) | P22: =IFERROR((O22/O9*100),0) | Q22: =SUM(Q23:Q37) | R22: =IFERROR((Q22/Q9*100),0) | S22: =SUM(S23:S37) | T22: =IFERROR((S22/S9*100),0) | U22: =SUM(U23:U37) | V22: =IFERROR((U22/U9*100),0) | W22: =S22+U22 | X22: =IFERROR((W22/W9*100),0) | Y22: =W22+Q22+O22 | Z22: =IFERROR((Y22/Y9*100),0)
C23: =" 경 비 : " & TEXT(H22, "#,##0") & " 천원" | E23: 복리후생비 | F23: ='5.집행예산산출내역서 (수정집행)'!F26/1000 | G23: =IFERROR((F23/F9*100),0) | H23: ='5.집행예산산출내역서 (수정집행)'!G26/1000 | I23: =IFERROR((H23/H9*100),0) | J23: ='5.집행예산산출내역서 (수정집행)'!H26/1000 | K23: =IFERROR((J23/J9*100),0) | L23: ='5.집행예산산출내역서 (수정집행)'!I26/1000 | M23: =IFERROR((L23/L9*100),0) | N23: =L23-J23 | O23: ='5.집행예산산출내역서 (수정집행)'!K26/1000 | P23: =IFERROR((O23/O9*100),0) | Q23: ='5.집행예산산출내역서 (수정집행)'!L26/1000 | R23: =IFERROR((Q23/Q9*100),0) | S23: ='5.집행예산산출내역서 (수정집행)'!M26/1000 | T23: =IFERROR((S23/S9*100),0) | U23: ='5.집행예산산출내역서 (수정집행)'!N26/1000 | V23: =IFERROR((U23/U9*100),0) | W23: =U23+S23 | X23: =IFERROR((W23/W9*100),0) | Y23: =W23+Q23+O23 | Z23: =IFERROR((Y23/Y9*100),0)
E24: 보험료 | F24: ='5.집행예산산출내역서 (수정집행)'!F27/1000 | G24: =IFERROR((F24/F9*100),0) | H24: ='5.집행예산산출내역서 (수정집행)'!G27/1000 | I24: =IFERROR((H24/H9*100),0) | J24: ='5.집행예산산출내역서 (수정집행)'!H27/1000 | K24: =IFERROR((J24/J9*100),0) | L24: ='5.집행예산산출내역서 (수정집행)'!I27/1000 | M24: =IFERROR((L24/L9*100),0) | N24: =L24-J24 | O24: ='5.집행예산산출내역서 (수정집행)'!K27/1000 | P24: =IFERROR((O24/O9*100),0) | Q24: ='5.집행예산산출내역서 (수정집행)'!L27/1000 | R24: =IFERROR((Q24/Q9*100),0) | S24: ='5.집행예산산출내역서 (수정집행)'!M27/1000 | T24: =IFERROR((S24/S9*100),0) | U24: ='5.집행예산산출내역서 (수정집행)'!N27/1000 | V24: =IFERROR((U24/U9*100),0) | W24: =U24+S24 | X24: =IFERROR((W24/W9*100),0) | Y24: =W24+Q24+O24 | Z24: =IFERROR((Y24/Y9*100),0) | AA24: 보험료 정산조건
C25: =" 6. 현장소장 : " & HLOOKUP(공통!E5, 공통!$E$8:$P$149, 공통!D12, FALSE) & " (서명)" | E25: 장비비 | F25: ='5.집행예산산출내역서 (수정집행)'!F39/1000 | G25: =IFERROR((F25/F9*100),0) | H25: ='5.집행예산산출내역서 (수정집행)'!G39/1000 | I25: =IFERROR((H25/H9*100),0) | J25: ='5.집행예산산출내역서 (수정집행)'!H39/1000 | K25: =IFERROR((J25/J9*100),0) | L25: ='5.집행예산산출내역서 (수정집행)'!I39/1000 | M25: =IFERROR((L25/L9*100),0) | N25: =L25-J25 | O25: ='5.집행예산산출내역서 (수정집행)'!K39/1000 | P25: =IFERROR((O25/O9*100),0) | Q25: ='5.집행예산산출내역서 (수정집행)'!L39/1000 | R25: =IFERROR((Q25/Q9*100),0) | S25: ='5.집행예산산출내역서 (수정집행)'!M39/1000 | T25: =IFERROR((S25/S9*100),0) | U25: ='5.집행예산산출내역서 (수정집행)'!N39/1000 | V25: =IFERROR((U25/U9*100),0) | W25: =U25+S25 | X25: =IFERROR((W25/W9*100),0) | Y25: =W25+Q25+O25 | Z25: =IFERROR((Y25/Y9*100),0)
E26: 지급임차비 | F26: ='5.집행예산산출내역서 (수정집행)'!F40/1000 | G26: =IFERROR((F26/F9*100),0) | H26: ='5.집행예산산출내역서 (수정집행)'!G40/1000 | I26: =IFERROR((H26/H9*100),0) | J26: ='5.집행예산산출내역서 (수정집행)'!H40/1000 | K26: =IFERROR((J26/J9*100),0) | L26: ='5.집행예산산출내역서 (수정집행)'!I40/1000 | M26: =IFERROR((L26/L9*100),0) | N26: =L26-J26 | O26: ='5.집행예산산출내역서 (수정집행)'!K40/1000 | P26: =IFERROR((O26/O9*100),0) | Q26: ='5.집행예산산출내역서 (수정집행)'!L40/1000 | R26: =IFERROR((Q26/Q9*100),0) | S26: ='5.집행예산산출내역서 (수정집행)'!M40/1000 | T26: =IFERROR((S26/S9*100),0) | U26: ='5.집행예산산출내역서 (수정집행)'!N40/1000 | V26: =IFERROR((U26/U9*100),0) | W26: =U26+S26 | X26: =IFERROR((W26/W9*100),0) | Y26: =W26+Q26+O26 | Z26: =IFERROR((Y26/Y9*100),0)
E27: 운 반 비 | F27: ='5.집행예산산출내역서 (수정집행)'!F41/1000 | G27: =IFERROR((F27/F9*100),0) | H27: ='5.집행예산산출내역서 (수정집행)'!G41/1000 | I27: =IFERROR((H27/H9*100),0) | J27: ='5.집행예산산출내역서 (수정집행)'!H41/1000 | K27: =IFERROR((J27/J9*100),0) | L27: ='5.집행예산산출내역서 (수정집행)'!I41/1000 | M27: =IFERROR((L27/L9*100),0) | N27: =L27-J27 | O27: ='5.집행예산산출내역서 (수정집행)'!K41/1000 | P27: =IFERROR((O27/O9*100),0) | Q27: ='5.집행예산산출내역서 (수정집행)'!L41/1000 | R27: =IFERROR((Q27/Q9*100),0) | S27: ='5.집행예산산출내역서 (수정집행)'!M41/1000 | T27: =IFERROR((S27/S9*100),0) | U27: ='5.집행예산산출내역서 (수정집행)'!N41/1000 | V27: =IFERROR((U27/U9*100),0) | W27: =U27+S27 | X27: =IFERROR((W27/W9*100),0) | Y27: =W27+Q27+O27 | Z27: =IFERROR((Y27/Y9*100),0)
E28: 회 선 비(CDN) | F28: ='5.집행예산산출내역서 (수정집행)'!F42/1000 | G28: =IFERROR((F28/F9*100),0) | H28: ='5.집행예산산출내역서 (수정집행)'!G42/1000 | I28: =IFERROR((H28/H9*100),0) | J28: ='5.집행예산산출내역서 (수정집행)'!H42/1000 | K28: =IFERROR((J28/J9*100),0) | L28: ='5.집행예산산출내역서 (수정집행)'!I42/1000 | M28: =IFERROR((L28/L9*100),0) | N28: =L28-J28 | O28: ='5.집행예산산출내역서 (수정집행)'!K42/1000 | P28: =IFERROR((O28/O9*100),0) | Q28: ='5.집행예산산출내역서 (수정집행)'!L42/1000 | R28: =IFERROR((Q28/Q9*100),0) | S28: ='5.집행예산산출내역서 (수정집행)'!M42/1000 | T28: =IFERROR((S28/S9*100),0) | U28: ='5.집행예산산출내역서 (수정집행)'!N42/1000 | V28: =IFERROR((U28/U9*100),0) | W28: =U28+S28 | X28: =IFERROR((W28/W9*100),0) | Y28: =W28+Q28+O28 | Z28: =IFERROR((Y28/Y9*100),0)
E29: 소모품비 | F29: ='5.집행예산산출내역서 (수정집행)'!F45/1000 | G29: =IFERROR((F29/F9*100),0) | H29: ='5.집행예산산출내역서 (수정집행)'!G45/1000 | I29: =IFERROR((H29/H9*100),0) | J29: ='5.집행예산산출내역서 (수정집행)'!H45/1000 | K29: =IFERROR((J29/J9*100),0) | L29: ='5.집행예산산출내역서 (수정집행)'!I45/1000 | M29: =IFERROR((L29/L9*100),0) | N29: =L29-J29 | O29: ='5.집행예산산출내역서 (수정집행)'!K45/1000 | P29: =IFERROR((O29/O9*100),0) | Q29: ='5.집행예산산출내역서 (수정집행)'!L45/1000 | R29: =IFERROR((Q29/Q9*100),0) | S29: ='5.집행예산산출내역서 (수정집행)'!M45/1000 | T29: =IFERROR((S29/S9*100),0) | U29: ='5.집행예산산출내역서 (수정집행)'!N45/1000 | V29: =IFERROR((U29/U9*100),0) | W29: =U29+S29 | X29: =IFERROR((W29/W9*100),0) | Y29: =W29+Q29+O29 | Z29: =IFERROR((Y29/Y9*100),0)
E30: 수도광열비 | F30: ='5.집행예산산출내역서 (수정집행)'!F48/1000 | G30: =IFERROR((F30/F9*100),0) | H30: ='5.집행예산산출내역서 (수정집행)'!G48/1000 | I30: =IFERROR((H30/H9*100),0) | J30: ='5.집행예산산출내역서 (수정집행)'!H48/1000 | K30: =IFERROR((J30/J9*100),0) | L30: ='5.집행예산산출내역서 (수정집행)'!I48/1000 | M30: =IFERROR((L30/L9*100),0) | N30: =L30-J30 | O30: ='5.집행예산산출내역서 (수정집행)'!K48/1000 | P30: =IFERROR((O30/O9*100),0) | Q30: ='5.집행예산산출내역서 (수정집행)'!L48/1000 | R30: =IFERROR((Q30/Q9*100),0) | S30: ='5.집행예산산출내역서 (수정집행)'!M48/1000 | T30: =IFERROR((S30/S9*100),0) | U30: ='5.집행예산산출내역서 (수정집행)'!N48/1000 | V30: =IFERROR((U30/U9*100),0) | W30: =U30+S30 | X30: =IFERROR((W30/W9*100),0) | Y30: =W30+Q30+O30 | Z30: =IFERROR((Y30/Y9*100),0)
E31: 여비교통비 | F31: ='5.집행예산산출내역서 (수정집행)'!F49/1000 | G31: =IFERROR((F31/F9*100),0) | H31: ='5.집행예산산출내역서 (수정집행)'!G49/1000 | I31: =IFERROR((H31/H9*100),0) | J31: ='5.집행예산산출내역서 (수정집행)'!H49/1000 | K31: =IFERROR((J31/J9*100),0) | L31: ='5.집행예산산출내역서 (수정집행)'!I49/1000 | M31: =IFERROR((L31/L9*100),0) | N31: =L31-J31 | O31: ='5.집행예산산출내역서 (수정집행)'!K49/1000 | P31: =IFERROR((O31/O9*100),0) | Q31: ='5.집행예산산출내역서 (수정집행)'!L49/1000 | R31: =IFERROR((Q31/Q9*100),0) | S31: ='5.집행예산산출내역서 (수정집행)'!M49/1000 | T31: =IFERROR((S31/S9*100),0) | U31: ='5.집행예산산출내역서 (수정집행)'!N49/1000 | V31: =IFERROR((U31/U9*100),0) | W31: =U31+S31 | X31: =IFERROR((W31/W9*100),0) | Y31: =W31+Q31+O31 | Z31: =IFERROR((Y31/Y9*100),0)
E32: 통 신 비 | F32: ='5.집행예산산출내역서 (수정집행)'!F50/1000 | G32: =IFERROR((F32/F9*100),0) | H32: ='5.집행예산산출내역서 (수정집행)'!G50/1000 | I32: =IFERROR((H32/H9*100),0) | J32: ='5.집행예산산출내역서 (수정집행)'!H50/1000 | K32: =IFERROR((J32/J9*100),0) | L32: ='5.집행예산산출내역서 (수정집행)'!I50/1000 | M32: =IFERROR((L32/L9*100),0) | N32: =L32-J32 | O32: ='5.집행예산산출내역서 (수정집행)'!K50/1000 | P32: =IFERROR((O32/O9*100),0) | Q32: ='5.집행예산산출내역서 (수정집행)'!L50/1000 | R32: =IFERROR((Q32/Q9*100),0) | S32: ='5.집행예산산출내역서 (수정집행)'!M50/1000 | T32: =IFERROR((S32/S9*100),0) | U32: ='5.집행예산산출내역서 (수정집행)'!N50/1000 | V32: =IFERROR((U32/U9*100),0) | W32: =U32+S32 | X32: =IFERROR((W32/W9*100),0) | Y32: =W32+Q32+O32 | Z32: =IFERROR((Y32/Y9*100),0)
E33: 도서인쇄비 | F33: ='5.집행예산산출내역서 (수정집행)'!F51/1000 | G33: =IFERROR((F33/F9*100),0) | H33: ='5.집행예산산출내역서 (수정집행)'!G51/1000 | I33: =IFERROR((H33/H9*100),0) | J33: ='5.집행예산산출내역서 (수정집행)'!H51/1000 | K33: =IFERROR((J33/J9*100),0) | L33: ='5.집행예산산출내역서 (수정집행)'!I51/1000 | M33: =IFERROR((L33/L9*100),0) | N33: =L33-J33 | O33: ='5.집행예산산출내역서 (수정집행)'!K51/1000 | P33: =IFERROR((O33/O9*100),0) | Q33: ='5.집행예산산출내역서 (수정집행)'!L51/1000 | R33: =IFERROR((Q33/Q9*100),0) | S33: ='5.집행예산산출내역서 (수정집행)'!M51/1000 | T33: =IFERROR((S33/S9*100),0) | U33: ='5.집행예산산출내역서 (수정집행)'!N51/1000 | V33: =IFERROR((U33/U9*100),0) | W33: =U33+S33 | X33: =IFERROR((W33/W9*100),0) | Y33: =W33+Q33+O33 | Z33: =IFERROR((Y33/Y9*100),0)
E34: 차량유지비 | F34: ='5.집행예산산출내역서 (수정집행)'!F52/1000 | G34: =IFERROR((F34/F9*100),0) | H34: ='5.집행예산산출내역서 (수정집행)'!G52/1000 | I34: =IFERROR((H34/H9*100),0) | J34: ='5.집행예산산출내역서 (수정집행)'!H52/1000 | K34: =IFERROR((J34/J9*100),0) | L34: ='5.집행예산산출내역서 (수정집행)'!I52/1000 | M34: =IFERROR((L34/L9*100),0) | N34: =L34-J34 | O34: ='5.집행예산산출내역서 (수정집행)'!K52/1000 | P34: =IFERROR((O34/O9*100),0) | Q34: ='5.집행예산산출내역서 (수정집행)'!L52/1000 | R34: =IFERROR((Q34/Q9*100),0) | S34: ='5.집행예산산출내역서 (수정집행)'!M52/1000 | T34: =IFERROR((S34/S9*100),0) | U34: ='5.집행예산산출내역서 (수정집행)'!N52/1000 | V34: =IFERROR((U34/U9*100),0) | W34: =U34+S34 | X34: =IFERROR((W34/W9*100),0) | Y34: =W34+Q34+O34 | Z34: =IFERROR((Y34/Y9*100),0)
E35: 수 수 료 | F35: ='5.집행예산산출내역서 (수정집행)'!F53/1000 | G35: =IFERROR((F35/F9*100),0) | H35: ='5.집행예산산출내역서 (수정집행)'!G53/1000 | I35: =IFERROR((H35/H9*100),0) | J35: ='5.집행예산산출내역서 (수정집행)'!H53/1000 | K35: =IFERROR((J35/J9*100),0) | L35: ='5.집행예산산출내역서 (수정집행)'!I53/1000 | M35: =IFERROR((L35/L9*100),0) | N35: =L35-J35 | O35: ='5.집행예산산출내역서 (수정집행)'!K53/1000 | P35: =IFERROR((O35/O9*100),0) | Q35: ='5.집행예산산출내역서 (수정집행)'!L53/1000 | R35: =IFERROR((Q35/Q9*100),0) | S35: ='5.집행예산산출내역서 (수정집행)'!M53/1000 | T35: =IFERROR((S35/S9*100),0) | U35: ='5.집행예산산출내역서 (수정집행)'!N53/1000 | V35: =IFERROR((U35/U9*100),0) | W35: =U35+S35 | X35: =IFERROR((W35/W9*100),0) | Y35: =W35+Q35+O35 | Z35: =IFERROR((Y35/Y9*100),0)
E36: 안전관리비 | F36: ='5.집행예산산출내역서 (수정집행)'!F56/1000 | G36: =IFERROR((F36/F9*100),0) | H36: ='5.집행예산산출내역서 (수정집행)'!G56/1000 | I36: =IFERROR((H36/H9*100),0) | J36: ='5.집행예산산출내역서 (수정집행)'!H56/1000 | K36: =IFERROR((J36/J9*100),0) | L36: ='5.집행예산산출내역서 (수정집행)'!I56/1000 | M36: =IFERROR((L36/L9*100),0) | N36: =L36-J36 | O36: ='5.집행예산산출내역서 (수정집행)'!K56/1000 | P36: =IFERROR((O36/O9*100),0) | Q36: ='5.집행예산산출내역서 (수정집행)'!L56/1000 | R36: =IFERROR((Q36/Q9*100),0) | S36: ='5.집행예산산출내역서 (수정집행)'!M56/1000 | T36: =IFERROR((S36/S9*100),0) | U36: ='5.집행예산산출내역서 (수정집행)'!N56/1000 | V36: =IFERROR((U36/U9*100),0) | W36: =U36+S36 | X36: =IFERROR((W36/W9*100),0) | Y36: =W36+Q36+O36 | Z36: =IFERROR((Y36/Y9*100),0) | AA36: 안전관리비 정산
E37: 기 타 | F37: ='5.집행예산산출내역서 (수정집행)'!F57/1000 | G37: =IFERROR((F37/F9*100),0) | H37: ='5.집행예산산출내역서 (수정집행)'!G57/1000 | I37: =IFERROR((H37/H9*100),0) | J37: ='5.집행예산산출내역서 (수정집행)'!H57/1000 | K37: =IFERROR((J37/J9*100),0) | L37: ='5.집행예산산출내역서 (수정집행)'!I57/1000 | M37: =IFERROR((L37/L9*100),0) | N37: =L37-J37 | O37: ='5.집행예산산출내역서 (수정집행)'!K57/1000 | P37: =IFERROR((O37/O9*100),0) | Q37: ='5.집행예산산출내역서 (수정집행)'!L57/1000 | R37: =IFERROR((Q37/Q9*100),0) | S37: ='5.집행예산산출내역서 (수정집행)'!M57/1000 | T37: =IFERROR((S37/S9*100),0) | U37: ='5.집행예산산출내역서 (수정집행)'!N57/1000 | V37: =IFERROR((U37/U9*100),0) | W37: =U37+S37 | X37: =IFERROR((W37/W9*100),0) | Y37: =W37+Q37+O37 | Z37: =IFERROR((Y37/Y9*100),0)
E38: 공사비 계 | F38: =F10+F13+F19+F22 | G38: =IFERROR((F38/F9*100),0) | H38: =H10+H13+H19+H22 | I38: =IFERROR((H38/H9*100),0) | J38: =J10+J13+J19+J22 | K38: =IFERROR((J38/J9*100),0) | L38: =L10+L13+L19+L22 | M38: =IFERROR((L38/L9*100),0) | N38: =L38-J38 | O38: =O10+O13+O19+O22 | P38: =IFERROR((O38/O9*100),0) | Q38: =Q10+Q13+Q19+Q22 | R38: =IFERROR((Q38/Q9*100),0) | S38: =S10+S13+S19+S22 | T38: =IFERROR((S38/S9*100),0) | U38: =U10+U13+U19+U22 | V38: =IFERROR((U38/U9*100),0) | W38: =S38+U38 | X38: =IFERROR((W38/W9*100),0) | Y38: =W38+Q38+O38 | Z38: =IFERROR((Y38/Y9*100),0)
E39: 간 접 비 | G39: =IFERROR((F39/F9*100),0) | I39: =IFERROR((H39/H9*100),0) | J39: =INT(J9*HLOOKUP(공통!E5-1, 공통!$E$8:$P$149, 공통!D17, FALSE)) | K39: =IFERROR((J39/J9*100),0) | L39: =INT(L9*$AA$39) | M39: =IFERROR((L39/L9*100),0) | N39: =L39-J39 | O39: =INT(O9*공통!E17) | P39: =IFERROR((O39/O9*100),0) | Q39: =INT(Q9*$AA$39) | R39: =IFERROR((Q39/Q9*100),0) | S39: =INT(S9*$AA$39) | T39: =IFERROR((S39/S9*100),0) | U39: =INT(U9*$AA$39) | V39: =IFERROR((U39/U9*100),0) | W39: =U39+S39 | X39: =IFERROR((W39/W9*100),0) | Y39: =W39+Q39+O39 | Z39: =IFERROR((Y39/Y9*100),0) | AA39: =HLOOKUP(공통!E5, 공통!$E$8:$P$149, 공통!D17, FALSE)
E40: 일반관리비 | G40: =IFERROR((F40/$N$9*100),0) | I40: =IFERROR((H40/$N$9*100),0) | J40: =INT(J9*HLOOKUP(공통!E5-1, 공통!$E$8:$P$149, 공통!D18, FALSE)) | K40: =IFERROR((J40/J9*100),0) | L40: =INT(L9*$AA$40) | M40: =IFERROR((L40/L9*100),0) | N40: =L40-J40 | O40: =INT(O9*공통!E18) | P40: =IFERROR((O40/O9*100),0) | Q40: =INT(Q9*$AA$40) | R40: =IFERROR((Q40/Q9*100),0) | S40: =INT(S9*$AA$40) | T40: =IFERROR((S40/S9*100),0) | U40: =INT(U9*$AA$40) | V40: =IFERROR((U40/U9*100),0) | W40: =U40+S40 | X40: =IFERROR((W40/W9*100),0) | Y40: =W40+Q40+O40 | Z40: =IFERROR((Y40/Y9*100),0) | AA40: =HLOOKUP(공통!E5, 공통!$E$8:$P$149, 공통!D18, FALSE)
E41: 금융비용 | G41: =IFERROR((F41/$N$9*100),0) | I41: =IFERROR((H41/$N$9*100),0) | K41: =IFERROR((J41/J9*100),0) | M41: =IFERROR((L41/L9*100),0) | N41: =L41-J41 | P41: =IFERROR((O41/O9*100),0) | R41: =IFERROR((Q41/Q9*100),0) | T41: =IFERROR((S41/S9*100),0) | V41: =IFERROR((U41/U9*100),0) | W41: =U41+S41 | X41: =IFERROR((W41/W9*100),0) | Y41: =W41+Q41+O41 | Z41: =IFERROR((Y41/Y9*100),0)
E42: 영업이익 | G42: =IFERROR((F42/F9*100),0) | I42: =IFERROR((H42/H9*100),0) | J42: =J9-J38-J39-J40-J41 | K42: =IFERROR((J42/J9*100),0) | L42: =L9-L38-L39-L40-L41 | M42: =IFERROR((L42/L9*100),0) | N42: =N9-N38-N39-N40 | O42: =O9-O38-O39-O40-O41 | P42: =IFERROR((O42/O9*100),0) | Q42: =Q9-Q38-Q39-Q40-Q41 | R42: =IFERROR((Q42/Q9*100),0) | S42: =S9-S38-S39-S40-S41 | T42: =IFERROR((S42/S9*100),0) | U42: =U9-U38-U39-U40-U41 | V42: =IFERROR((U42/U9*100),0) | W42: =S42+U42 | X42: =IFERROR((W42/W9*100),0) | Y42: =W42+Q42+O42 | Z42: =IFERROR((Y42/Y9*100),0)
D43: `
C44: GS네오텍 | D44: Page: | AA44: GP-4050-05(1)

Sheet 5.집행예산산출내역서 (수정집행)
C2: 집행예산 산출내역서
C4: ='0. 집행계획(갑지) (수정집행)'!D7 | R4: 【단위 : 원】
C5: 비목/계정별 | D5: 산 출 내 역 | F5: 계 약 금 액 | H5: 집 행 금 액 | K5: 정산금액(A) [~25년] | L5: 당기 계획(B) | M5: 당기 이후 | P5: 누계(A+B+C) | Q5: 안전관리비 계상금액 (원) | R5: 비고
L6: [26년] | M6: [27년] | N6: [28년~] | O6: 소계 (C)
F7: 당초 | G7: 변경 | H7: 당초 | I7: 변경 | J7: 증감
C8: ■ 재료비 | F8: =SUM(F9:F10) | G8: =SUM(G9:G10) | H8: =SUM(H9:H10) | I8: =SUM(I9:I10) | J8: =I8-H8 | K8: =SUM(K9:K10) | L8: =SUM(L9:L10) | M8: =SUM(M9:M10) | N8: =SUM(N9:N10) | O8: =M8+N8 | P8: =K8+L8+O8 | U8: 재료비 탭 참조
C9: - 본사재료비 | D9: 재료비 산출내역 첨부 | F9: =SUMIF('5-1. 재료비산출내역 (수정집행)'!$D:$D,1,'5-1. 재료비산출내역 (수정집행)'!$J:$J) | G9: =SUMIF('5-1. 재료비산출내역 (수정집행)'!$D:$D,1,'5-1. 재료비산출내역 (수정집행)'!$M:$M) | H9: =SUMIF('5-1. 재료비산출내역 (수정집행)'!$D:$D,1,'5-1. 재료비산출내역 (수정집행)'!$P:$P) | I9: =SUMIF('5-1. 재료비산출내역 (수정집행)'!$D:$D,1,'5-1. 재료비산출내역 (수정집행)'!$S:$S) | J9: =I9-H9 | K9: =SUMIF('5-1. 재료비산출내역 (수정집행)'!$D:$D,1,'5-1. 재료비산출내역 (수정집행)'!$W:$W) | L9: =SUMIF('5-1. 재료비산출내역 (수정집행)'!$D:$D,1,'5-1. 재료비산출내역 (수정집행)'!$Z:$Z) | M9: =SUMIF('5-1. 재료비산출내역 (수정집행)'!$D:$D,1,'5-1. 재료비산출내역 (수정집행)'!$AC:$AC) | N9: =SUMIF('5-1. 재료비산출내역 (수정집행)'!$D:$D,1,'5-1. 재료비산출내역 (수정집행)'!$AF:$AF)+SUMIF('5-1. 재료비산출내역 (수정집행)'!$D:$D,1,'5-1. 재료비산출내역 (수정집행)'!$AI:$AI)+SUMIF('5-1. 재료비산출내역 (수정집행)'!$D:$D,1,'5-1. 재료비산출내역 (수정집행)'!$AL:$AL) | O9: =M9+N9 | P9: =K9+L9+O9
C10: - 현지재료비 | D10: 재료비 산출내역 첨부 | F10: =SUMIF('5-1. 재료비산출내역 (수정집행)'!$D:$D,2,'5-1. 재료비산출내역 (수정집행)'!$J:$J) | G10: =SUMIF('5-1. 재료비산출내역 (수정집행)'!$D:$D,2,'5-1. 재료비산출내역 (수정집행)'!$M:$M) | H10: =SUMIF('5-1. 재료비산출내역 (수정집행)'!$D:$D,2,'5-1. 재료비산출내역 (수정집행)'!$P:$P) | I10: =SUMIF('5-1. 재료비산출내역 (수정집행)'!$D:$D,2,'5-1. 재료비산출내역 (수정집행)'!$S:$S) | J10: =I10-H10 | K10: =SUMIF('5-1. 재료비산출내역 (수정집행)'!$D:$D,2,'5-1. 재료비산출내역 (수정집행)'!$W:$W) | L10: =SUMIF('5-1. 재료비산출내역 (수정집행)'!$D:$D,2,'5-1. 재료비산출내역 (수정집행)'!$Z:$Z) | M10: =SUMIF('5-1. 재료비산출내역 (수정집행)'!$D:$D,2,'5-1. 재료비산출내역 (수정집행)'!$AC:$AC) | N10: =SUMIF('5-1. 재료비산출내역 (수정집행)'!$D:$D,2,'5-1. 재료비산출내역 (수정집행)'!$AF:$AF)+SUMIF('5-1. 재료비산출내역 (수정집행)'!$D:$D,2,'5-1. 재료비산출내역 (수정집행)'!$AI:$AI)+SUMIF('5-1. 재료비산출내역 (수정집행)'!$D:$D,2,'5-1. 재료비산출내역 (수정집행)'!$AL:$AL) | O10: =M10+N10 | P10: =K10+L10+O10
C11: ■ 노무비 | F11: =F12+F14+F16+F18+F20 | G11: =G12+G14+G16+G18+G20 | H11: =H12+H14+H16+H18+H20 | I11: =I12+I14+I16+I18+I20 | J11: =I11-H11 | K11: =K12+K14+K16+K18+K20 | L11: =L12+L14+L16+L18+L20 | M11: =M12+M14+M16+M18+M20 | N11: =N12+N14+N16+N18+N20 | O11: =M11+N11 | P11: =K11+L11+O11
C12: - 급료(직원) | D12: 소 계 | F12: =SUM(F13:F13) | G12: =SUM(G13:G13) | H12: =SUM(H13:H13) | I12: =SUM(I13:I13) | J12: =I12-H12 | K12: =SUM(K13:K13) | L12: =SUM(L13:L13) | M12: =SUM(M13:M13) | N12: =SUM(N13:N13) | O12: =M12+N12 | P12: =K12+L12+O12
A13: V | D13: =HLOOKUP(공통!E5, 공통!$E$8:$P$149, 공통!D23, FALSE) | F13: =HLOOKUP(공통!E5-1, 공통!$E$8:$P$149, 공통!D24, FALSE) | G13: =HLOOKUP(공통!E5, 공통!$E$8:$P$149, 공통!D24, FALSE) | H13: =HLOOKUP(공통!E5-1, 공통!$E$8:$P$149, 공통!D25, FALSE) | I13: =HLOOKUP(공통!E5, 공통!$E$8:$P$149, 공통!D25, FALSE) | J13: =I13-H13 | K13: =HLOOKUP(공통!E5, 공통!$E$8:$P$149, 공통!D26, FALSE) | L13: =HLOOKUP(공통!E5, 공통!$E$8:$P$149, 공통!D27, FALSE) | M13: =HLOOKUP(공통!E5, 공통!$E$8:$P$149, 공통!D28, FALSE) | N13: =HLOOKUP(공통!E5, 공통!$E$8:$P$149, 공통!D29, FALSE) | O13: =M13+N13 | P13: =K13+L13+O13 | U13: 정직원/PJT직군, 부장 7,500,000원, 차장 6,500,000원, 과장 5,500,000원, 대리 4,500,000원, 사원 3,500,000원
C14: - 임금(현장사원) | D14: 소 계 | F14: =SUM(F15:F15) | G14: =SUM(G15:G15) | H14: =SUM(H15:H15) | I14: =SUM(I15:I15) | J14: =I14-H14 | K14: =SUM(K15:K15) | L14: =SUM(L15:L15) | M14: =SUM(M15:M15) | N14: =SUM(N15:N15) | O14: =M14+N14 | P14: =K14+L14+O14
A15: V | C15: 관리직공사원 | D15: =HLOOKUP(공통!E5, 공통!$E$8:$P$149, 공통!D36, FALSE) | F15: =HLOOKUP(공통!E5-1, 공통!$E$8:$P$149, 공통!D37, FALSE) | G15: =HLOOKUP(공통!E5, 공통!$E$8:$P$149, 공통!D37, FALSE) | H15: =HLOOKUP(공통!E5-1, 공통!$E$8:$P$149, 공통!D38, FALSE) | I15: =HLOOKUP(공통!E5, 공통!$E$8:$P$149, 공통!D38, FALSE) | J15: =I15-H15 | K15: =HLOOKUP(공통!E5, 공통!$E$8:$P$149, 공통!D39, FALSE) | L15: =HLOOKUP(공통!E5, 공통!$E$8:$P$149, 공통!D40, FALSE) | M15: =HLOOKUP(공통!E5, 공통!$E$8:$P$149, 공통!D41, FALSE) | N15: =HLOOKUP(공통!E5, 공통!$E$8:$P$149, 공통!D42, FALSE) | O15: =M15+N15 | P15: =K15+L15+O15 | U15: 현장사원 급여, 실급여 기준, 현장사원과 장기 계약이 예정돼있는 경우 임금 상승분 고려해야 함
C16: - 상여금(직원) | D16: 소 계 | H16: =SUM(H17:H17) | I16: =SUM(I17:I17) | J16: =I16-H16 | K16: =SUM(K17:K17) | L16: =SUM(L17:L17) | M16: =SUM(M17:M17) | N16: =SUM(N17:N17) | O16: =M16+N16 | P16: =K16+L16+O16 | U16: 정직원/PJT직군, 상여가 지급된 달의 전 달 급여 코드에 반영 - ex. 상여가 1월 25일에 지급 됐다면 12월 급여 코드에 상여금 반영 금액은 1M/M 급여로 책정 - ex. 부장과 과장이 투입 되는 PJT에 추석 상여를 1회 반영한다면 7,500,000원 + 5,500,000원 = 13,000,000원으로 예상 책정
D17: =HLOOKUP(공통!E5, 공통!$E$8:$P$149, 공통!D30, FALSE) | H17: =HLOOKUP(공통!E5-1, 공통!$E$8:$P$149, 공통!D31, FALSE) | I17: =HLOOKUP(공통!E5, 공통!$E$8:$P$149, 공통!D31, FALSE) | J17: =I17-H17 | K17: =HLOOKUP(공통!E5, 공통!$E$8:$P$149, 공통!D32, FALSE) | L17: =HLOOKUP(공통!E5, 공통!$E$8:$P$149, 공통!D33, FALSE) | M17: =HLOOKUP(공통!E5, 공통!$E$8:$P$149, 공통!D34, FALSE) | N17: =HLOOKUP(공통!E5, 공통!$E$8:$P$149, 공통!D35, FALSE) | O17: =M17+N17 | P17: =K17+L17+O17
C18: - 퇴직금(직원) | D18: 소 계 | H18: =(H12+H16)/12 | I18: =(I12+I16)/12 | J18: =I18-H18 | K18: =(K12+K16)/12 | L18: =(L12+L16)/12 | M18: =(M12+M16)/12 | N18: =(N12+N16)/12 | O18: =M18+N18 | P18: =K18+L18+O18 | U18: 정직원/PJT직군, 급여/12, 1년이 되지 않는 직원은 산정X, 단, 1년이 되는 달에 근무하는 사람이 있는 경우 급여 100%
D19: =D13 | J19: =I19-H19 | O19: =M19+N19 | P19: =K19+L19+O19
C20: - 퇴직금(현장사원) | D20: 소 계 | H20: =H14/12 | I20: =I14/12 | J20: =I20-H20 | K20: =K14/12 | L20: =L14/12 | M20: =M14/12 | N20: =N14/12 | O20: =M20+N20 | P20: =K20+L20+O20 | U20: 현장사원, 급여/12, 1년이 되지 않는 직원은 산정X, 단, 1년이 되는 달에 근무하는 사람이 있는 경우 급여 100%
C21: 관리직공사원 | D21: =D15 | J21: =I21-H21 | O21: =M21+N21 | P21: =K21+L21+O21
C22: ■ 외주비 | F22: =SUM(F23:F24) | G22: =SUM(G23:G24) | H22: =SUM(H23:H24) | I22: =SUM(I23:I24) | J22: =I22-H22 | K22: =SUM(K23:K24) | L22: =SUM(L23:L24) | M22: =SUM(M23:M24) | N22: =SUM(N23:N24) | O22: =M22+N22 | P22: =K22+L22+O22
C23: - 외주용역비 | J23: =I23-H23 | O23: =M23+N23 | P23: =K23+L23+O23
C24: - 외주가공비 | J24: =I24-H24 | O24: =M24+N24 | P24: =K24+L24+O24
C25: ■ 경 비 | F25: =F26+F27+F39+F40+F41+F42+F45+F48+F49+F50+F51+F52+F53+F56+F57 | G25: =G26+G27+G39+G40+G41+G42+G45+G48+G49+G50+G51+G52+G53+G56+G57 | H25: =H26+H27+H39+H40+H41+H42+H45+H48+H49+H50+H51+H52+H53+H56+H57 | I25: =I26+I27+I39+I40+I41+I42+I45+I48+I49+I50+I51+I52+I53+I56+I57 | J25: =I25-H25 | K25: =K26+K27+K39+K40+K41+K42+K45+K48+K49+K50+K51+K52+K53+K56+K57 | L25: =L26+L27+L39+L40+L41+L42+L45+L48+L49+L50+L51+L52+L53+L56+L57 | M25: =M26+M27+M39+M40+M41+M42+M45+M48+M49+M50+M51+M52+M53+M56+M57 | N25: =N26+N27+N39+N40+N41+N42+N45+N48+N49+N50+N51+N52+N53+N56+N57 | O25: =M25+N25 | P25: =K25+L25+O25
C26: - 복리후생비 | D26: =HLOOKUP(공통!E5, 공통!$E$8:$P$149, 공통!D43, FALSE) | F26: =HLOOKUP(공통!E5-1, 공통!$E$8:$P$149, 공통!D44, FALSE) | G26: =HLOOKUP(공통!E5, 공통!$E$8:$P$149, 공통!D44, FALSE) | H26: =HLOOKUP(공통!E5-1, 공통!$E$8:$P$149, 공통!D45, FALSE) | I26: =HLOOKUP(공통!E5, 공통!$E$8:$P$149, 공통!D45, FALSE) | J26: =I26-H26 | K26: =HLOOKUP(공통!E5, 공통!$E$8:$P$149, 공통!D46, FALSE) | L26: =HLOOKUP(공통!E5, 공통!$E$8:$P$149, 공통!D47, FALSE) | M26: =HLOOKUP(공통!E5, 공통!$E$8:$P$149, 공통!D48, FALSE) | N26: =HLOOKUP(공통!E5, 공통!$E$8:$P$149, 공통!D49, FALSE) | O26: =M26+N26 | P26: =K26+L26+O26 | U26: PJT 기간 간 사용할 비용 산정
C27: - 보험료 | D27: 소 계 | F27: =F28+F34 | G27: =G28+G34 | H27: =H28+H34 | I27: =I28+I34 | J27: =I27-H27 | K27: =K28+K34 | L27: =L28+L34 | M27: =M28+M34 | N27: =N28+N34 | O27: =M27+N27 | P27: =K27+L27+O27
C28: 보험료(노무) | D28: 25년 기준 | F28: =SUM(F29:F33) | G28: =SUM(G29:G33) | H28: =SUM(H29:H33) | I28: =SUM(I29:I33) | J28: =SUM(J29:J33) | K28: =SUM(K29:K33) | L28: =SUM(L29:L33) | M28: =SUM(M29:M33) | N28: =SUM(N29:N33) | O28: =M28+N28 | P28: =K28+L28+O28
C29: (국민연금) | D29: ="[총급여액+임금]*" & TEXT(HLOOKUP(공통!E5, 공통!$E$8:$P$149, 공통!D19, FALSE), "0.0%") | H29: =($H$12+$H$14+$H$16)*HLOOKUP(공통!E5, 공통!$E$8:$P$149, 공통!D19, FALSE) | I29: =($I$12+$I$14+$I$16)*HLOOKUP(공통!E5, 공통!$E$8:$P$149, 공통!D19, FALSE) | J29: =I29-H29 | K29: =($K$12+$K$14+$K$16)*HLOOKUP(공통!E5, 공통!$E$8:$P$149, 공통!D19, FALSE) | L29: =($L$12+$L$14+$L$16)*HLOOKUP(공통!E5, 공통!$E$8:$P$149, 공통!D19, FALSE) | M29: =($M$12+$M$14+$M$16)*HLOOKUP(공통!E5, 공통!$E$8:$P$149, 공통!D19, FALSE) | N29: =($N$12+$N$14+$N$16)*HLOOKUP(공통!E5, 공통!$E$8:$P$149, 공통!D19, FALSE) | O29: =M29+N29 | P29: =K29+L29+O29 | U29: 4.5% 기본 요율이나 인사팀에서 변동요율 공지가 있다면 해당 요율로 변경
C30: (건강보험) | D30: ="[총급여액+임금]*" & TEXT(HLOOKUP(공통!E5, 공통!$E$8:$P$149, 공통!D20, FALSE), "0.0000%") | H30: =($H$12+$H$14+$H$16)*HLOOKUP(공통!E5, 공통!$E$8:$P$149, 공통!D20, FALSE) | I30: =($I$12+$I$14+$I$16)*HLOOKUP(공통!E5, 공통!$E$8:$P$149, 공통!D20, FALSE) | J30: =I30-H30 | K30: =($K$12+$K$14+$K$16)*HLOOKUP(공통!E5, 공통!$E$8:$P$149, 공통!D20, FALSE) | L30: =($L$12+$L$14+$L$16)*HLOOKUP(공통!E5, 공통!$E$8:$P$149, 공통!D20, FALSE) | M30: =($M$12+$M$14+$M$16)*HLOOKUP(공통!E5, 공통!$E$8:$P$149, 공통!D20, FALSE) | N30: =($N$12+$N$14+$N$16)*HLOOKUP(공통!E5, 공통!$E$8:$P$149, 공통!D20, FALSE) | O30: =M30+N30 | P30: =K30+L30+O30 | U30: 매년 초 인사팀에서 요율 공지
C31: (퇴직공제부금) | D31: 적용대상현장적용(계약내역 금액반영)-계약금액 반영(정산대상) | J31: =I31-H31 | O31: =M31+N31 | P31: =K31+L31+O31 | U31: 사용X
C32: (산재보험) | D32: ="[총급여액+임금+(외주비*하도급노무비율)]*" & TEXT(HLOOKUP(공통!E5, 공통!$E$8:$P$149, 공통!D21, FALSE), "0.000%") | H32: =($H$12+$H$14+$H$16)*HLOOKUP(공통!E5, 공통!$E$8:$P$149, 공통!D21, FALSE) | I32: =($I$12+$I$14+$I$16)*HLOOKUP(공통!E5, 공통!$E$8:$P$149,공통!D21, FALSE) | J32: =I32-H32 | K32: =($K$12+$K$14+$K$16)*HLOOKUP(공통!E5, 공통!$E$8:$P$149, 공통!D21, FALSE) | L32: =($L$12+$L$14+$L$16)*HLOOKUP(공통!E5, 공통!$E$8:$P$149, 공통!D21, FALSE) | M32: =($M$12+$M$14+$M$16)*HLOOKUP(공통!E5, 공통!$E$8:$P$149, 공통!D21, FALSE) | N32: =($N$12+$N$14+$N$16)*HLOOKUP(공통!E5, 공통!$E$8:$P$149, 공통!D21, FALSE) | O32: =M32+N32 | P32: =K32+L32+O32 | U32: 매년 초 안전보건팀에서 요율 공지
C33: (고용보험) | D33: ="[총급여액+임금+(외주비*하도급노무비율)]*"& TEXT(HLOOKUP(공통!E5, 공통!$E$8:$P$149, 공통!D22, FALSE), "0.00%") | H33: =($H$12+$H$14+$H$16)*HLOOKUP(공통!E5, 공통!$E$8:$P$149, 공통!D22, FALSE) | I33: =($I$12+$I$14+$I$16)*HLOOKUP(공통!E5, 공통!$E$8:$P$149, 공통!D22, FALSE) | J33: =I33-H33 | K33: =($K$12+$K$14+$K$16)*HLOOKUP(공통!E5, 공통!$E$8:$P$149, 공통!D22, FALSE) | L33: =($L$12+$L$14+$L$16)*HLOOKUP(공통!E5, 공통!$E$8:$P$149, 공통!D22, FALSE) | M33: =($M$12+$M$14+$M$16)*HLOOKUP(공통!E5, 공통!$E$8:$P$149, 공통!D22, FALSE) | N33: =($N$12+$N$14+$N$16)*HLOOKUP(공통!E5, 공통!$E$8:$P$149, 공통!D22, FALSE) | O33: =M33+N33 | P33: =K33+L33+O33 | U33: 매년 초 안전보건팀에서 요율 공지
C34: 보험료(공사) | F34: =SUM(F35:F38) | G34: =SUM(G35:G38) | H34: =SUM(H35:H38) | I34: =SUM(I35:I38) | J34: =SUM(J35:J38) | K34: =SUM(K35:K38) | L34: =SUM(L35:L38) | M34: =SUM(M35:M38) | N34: =SUM(N35:N38) | O34: =M34+N34 | P34: =K34+L34+O34 | U34: 계약 사항에 각종 보험 포함된 경우 금액 산정해서 적용
C35: (선급금보증) | J35: =I35-H35 | O35: =M35+N35 | P35: =K35+L35+O35
C36: (사용자배상책임보험) | J36: =I36-H36 | O36: =M36+N36 | P36: =K36+L36+O36
C37: (계약이행) | D37: 계약이행증권 | J37: =I37-H37 | O37: =M37+N37 | P37: =K37+L37+O37 | U37: 영업이 진행하는것인데 보증보험 회사에 컨택해서 고객과의 계약서 금액을 설명하고 대략적인 금액을 물어 봐야함. 해당 금액을 기입. 계약 이후엔 계약서 전체 사본을 PDF로 보내고 실제 비용 회신 및 결재/증권 받아야 함. 이때 영업이 보증보험 담당자에게 하자이행 보험료가 대약 얼마일지 확인해서 PM에게 알려줘야함)
C38: (하자이행) | D38: 하자이행증권 | J38: =I38-H38 | O38: =M38+N38 | P38: =K38+L38+O38 | U38: PM이 영업에게 전달받은 대략적인 금액을 기입하고 프로젝트 완료시 PM이 하자이행 증권 끊어야 함.
C39: - 장비비 | D39: =HLOOKUP(공통!E5, 공통!$E$8:$P$149, 공통!D64, FALSE) | F39: =HLOOKUP(공통!E5-1, 공통!$E$8:$P$149, 공통!D65, FALSE) | G39: =HLOOKUP(공통!E5, 공통!$E$8:$P$149, 공통!D65, FALSE) | H39: =HLOOKUP(공통!E5-1, 공통!$E$8:$P$149, 공통!D66, FALSE) | I39: =HLOOKUP(공통!E5, 공통!$E$8:$P$149, 공통!D66, FALSE) | J39: =I39-H39 | K39: =HLOOKUP(공통!E5, 공통!$E$8:$P$149, 공통!D67, FALSE) | L39: =HLOOKUP(공통!E5, 공통!$E$8:$P$149, 공통!D68, FALSE) | M39: =HLOOKUP(공통!E5, 공통!$E$8:$P$149, 공통!D69, FALSE) | N39: =HLOOKUP(공통!E5, 공통!$E$8:$P$149, 공통!D70, FALSE) | O39: =M39+N39 | P39: =K39+L39+O39
C40: - 지급임차료 | D40: =HLOOKUP(공통!E5, 공통!$E$8:$P$149, 공통!D71, FALSE) | F40: =HLOOKUP(공통!E5-1, 공통!$E$8:$P$149, 공통!D72, FALSE) | G40: =HLOOKUP(공통!E5, 공통!$E$8:$P$149, 공통!D72, FALSE) | H40: =HLOOKUP(공통!E5-1, 공통!$E$8:$P$149, 공통!D73, FALSE) | I40: =HLOOKUP(공통!E5, 공통!$E$8:$P$149, 공통!D73, FALSE) | J40: =I40-H40 | K40: =HLOOKUP(공통!E5, 공통!$E$8:$P$149, 공통!D74, FALSE) | L40: =HLOOKUP(공통!E5, 공통!$E$8:$P$149, 공통!D75, FALSE) | M40: =HLOOKUP(공통!E5, 공통!$E$8:$P$149, 공통!D76, FALSE) | N40: =HLOOKUP(공통!E5, 공통!$E$8:$P$149, 공통!D77, FALSE) | O40: =M40+N40 | P40: =K40+L40+O40 | U40: PJT룸 임차, 노트북 임차 등 구매가 아닌 임차로 사용하는 경우 금액 산정
C41: - 운반비 | D41: =HLOOKUP(공통!E5, 공통!$E$8:$P$149, 공통!D78, FALSE) | F41: =HLOOKUP(공통!E5-1, 공통!$E$8:$P$149, 공통!D79, FALSE) | G41: =HLOOKUP(공통!E5, 공통!$E$8:$P$149, 공통!D79, FALSE) | H41: =HLOOKUP(공통!E5-1, 공통!$E$8:$P$149, 공통!D80, FALSE) | I41: =HLOOKUP(공통!E5, 공통!$E$8:$P$149, 공통!D80, FALSE) | J41: =I41-H41 | K41: =HLOOKUP(공통!E5, 공통!$E$8:$P$149, 공통!D81, FALSE) | L41: =HLOOKUP(공통!E5, 공통!$E$8:$P$149, 공통!D82, FALSE) | M41: =HLOOKUP(공통!E5, 공통!$E$8:$P$149, 공통!D83, FALSE) | N41: =HLOOKUP(공통!E5, 공통!$E$8:$P$149, 공통!D84, FALSE) | O41: =M41+N41 | P41: =K41+L41+O41
C42: - 회선비(CDN) | F42: =SUM(F43:F44) | G42: =SUM(G43:G44) | H42: =SUM(H43:H44) | I42: =SUM(I43:I44) | J42: =I42-H42 | K42: =SUM(K43:K44) | L42: =SUM(L43:L44) | M42: =SUM(M43:M44) | N42: =SUM(N43:N44) | O42: =M42+N42 | P42: =K42+L42+O42
C43: Cloud사용료 | D43: 회선비 산출내역 첨부 | F43: =SUMIF('5-2. 회선비산출내역 (수정집행)'!$D:$D,1,'5-2. 회선비산출내역 (수정집행)'!$J:$J) | G43: =SUMIF('5-2. 회선비산출내역 (수정집행)'!$D:$D,1,'5-2. 회선비산출내역 (수정집행)'!$M:$M) | H43: =SUMIF('5-2. 회선비산출내역 (수정집행)'!$D:$D,1,'5-2. 회선비산출내역 (수정집행)'!$P:$P) | I43: =SUMIF('5-2. 회선비산출내역 (수정집행)'!$D:$D,1,'5-2. 회선비산출내역 (수정집행)'!$S:$S) | J43: =I43-H43 | K43: =SUMIF('5-2. 회선비산출내역 (수정집행)'!$D:$D,1,'5-2. 회선비산출내역 (수정집행)'!$W:$W) | L43: =SUMIF('5-2. 회선비산출내역 (수정집행)'!$D:$D,1,'5-2. 회선비산출내역 (수정집행)'!$Z:$Z) | M43: =SUMIF('5-2. 회선비산출내역 (수정집행)'!$D:$D,1,'5-2. 회선비산출내역 (수정집행)'!$AC:$AC) | N43: =SUMIF('5-2. 회선비산출내역 (수정집행)'!$D:$D,1,'5-2. 회선비산출내역 (수정집행)'!$AF:$AF)+SUMIF('5-2. 회선비산출내역 (수정집행)'!$D:$D,1,'5-2. 회선비산출내역 (수정집행)'!$AI:$AI)+SUMIF('5-2. 회선비산출내역 (수정집행)'!$D:$D,1,'5-2. 회선비산출내역 (수정집행)'!$AL:$AL) | O43: =M43+N43 | P43: =K43+L43+O43
C44: 라이선스 | D44: 회선비 산출내역 첨부 | F44: =SUMIF('5-2. 회선비산출내역 (수정집행)'!$D:$D,2,'5-2. 회선비산출내역 (수정집행)'!$J:$J) | G44: =SUMIF('5-2. 회선비산출내역 (수정집행)'!$D:$D,2,'5-2. 회선비산출내역 (수정집행)'!$M:$M) | H44: =SUMIF('5-2. 회선비산출내역 (수정집행)'!$D:$D,2,'5-2. 회선비산출내역 (수정집행)'!$P:$P) | I44: =SUMIF('5-2. 회선비산출내역 (수정집행)'!$D:$D,2,'5-2. 회선비산출내역 (수정집행)'!$S:$S) | J44: =I44-H44 | K44: =SUMIF('5-2. 회선비산출내역 (수정집행)'!$D:$D,2,'5-2. 회선비산출내역 (수정집행)'!$W:$W) | L44: =SUMIF('5-2. 회선비산출내역 (수정집행)'!$D:$D,2,'5-2. 회선비산출내역 (수정집행)'!$Z:$Z) | M44: =SUMIF('5-2. 회선비산출내역 (수정집행)'!$D:$D,2,'5-2. 회선비산출내역 (수정집행)'!$AC:$AC) | N44: =SUMIF('5-2. 회선비산출내역 (수정집행)'!$D:$D,2,'5-2. 회선비산출내역 (수정집행)'!$AF:$AF)+SUMIF('5-2. 회선비산출내역 (수정집행)'!$D:$D,2,'5-2. 회선비산출내역 (수정집행)'!$AI:$AI)+SUMIF('5-2. 회선비산출내역 (수정집행)'!$D:$D,2,'5-2. 회선비산출내역 (수정집행)'!$AL:$AL) | O44: =M44+N44 | P44: =K44+L44+O44
C45: - 소모품비 | D45: 소 계 | F45: =SUM(F46:F47) | G45: =SUM(G46:G47) | H45: =SUM(H46:H47) | I45: =SUM(I46:I47) | J45: =I45-H45 | K45: =SUM(K46:K47) | L45: =SUM(L46:L47) | M45: =SUM(M46:M47) | N45: =SUM(N46:N47) | O45: =M45+N45 | P45: =K45+L45+O45 | U45: 소모품비 탭 참조
C46: 공사용 소모품비 | D46: 소모품비 산출내역서 참조 | F46: =SUMIF('5-3. 소모품비산출내역 (수정집행)'!$D:$D,1,'5-3. 소모품비산출내역 (수정집행)'!$J:$J) | G46: =SUMIF('5-3. 소모품비산출내역 (수정집행)'!$D:$D,1,'5-3. 소모품비산출내역 (수정집행)'!$M:$M) | H46: =SUMIF('5-3. 소모품비산출내역 (수정집행)'!$D:$D,1,'5-3. 소모품비산출내역 (수정집행)'!$P:$P) | I46: =SUMIF('5-3. 소모품비산출내역 (수정집행)'!$D:$D,1,'5-3. 소모품비산출내역 (수정집행)'!$S:$S) | J46: =I46-H46 | K46: =SUMIF('5-3. 소모품비산출내역 (수정집행)'!$D:$D,1,'5-3. 소모품비산출내역 (수정집행)'!$W:$W) | L46: =SUMIF('5-3. 소모품비산출내역 (수정집행)'!$D:$D,1,'5-3. 소모품비산출내역 (수정집행)'!$Z:$Z) | M46: =SUMIF('5-3. 소모품비산출내역 (수정집행)'!$D:$D,1,'5-3. 소모품비산출내역 (수정집행)'!$AC:$AC) | N46: =SUMIF('5-3. 소모품비산출내역 (수정집행)'!$D:$D,1,'5-3. 소모품비산출내역 (수정집행)'!$AF:$AF)+SUMIF('5-3. 소모품비산출내역 (수정집행)'!$D:$D,1,'5-3. 소모품비산출내역 (수정집행)'!$AI:$AI)+SUMIF('5-3. 소모품비산출내역 (수정집행)'!$D:$D,1,'5-3. 소모품비산출내역 (수정집행)'!$AL:$AL) | O46: =M46+N46 | P46: =K46+L46+O46
C47: 사무용 소모품비 | D47: 소모품비 산출내역서 참조 | F47: =SUMIF('5-3. 소모품비산출내역 (수정집행)'!$D:$D,2,'5-3. 소모품비산출내역 (수정집행)'!$J:$J) | G47: =SUMIF('5-3. 소모품비산출내역 (수정집행)'!$D:$D,2,'5-3. 소모품비산출내역 (수정집행)'!$M:$M) | H47: =SUMIF('5-3. 소모품비산출내역 (수정집행)'!$D:$D,2,'5-3. 소모품비산출내역 (수정집행)'!$P:$P) | I47: =SUMIF('5-3. 소모품비산출내역 (수정집행)'!$D:$D,2,'5-3. 소모품비산출내역 (수정집행)'!$S:$S) | J47: =I47-H47 | K47: =SUMIF('5-3. 소모품비산출내역 (수정집행)'!$D:$D,2,'5-3. 소모품비산출내역 (수정집행)'!$W:$W) | L47: =SUMIF('5-3. 소모품비산출내역 (수정집행)'!$D:$D,2,'5-3. 소모품비산출내역 (수정집행)'!$Z:$Z) | M47: =SUMIF('5-3. 소모품비산출내역 (수정집행)'!$D:$D,2,'5-3. 소모품비산출내역 (수정집행)'!$AC:$AC) | N47: =SUMIF('5-3. 소모품비산출내역 (수정집행)'!$D:$D,2,'5-3. 소모품비산출내역 (수정집행)'!$AF:$AF)+SUMIF('5-3. 소모품비산출내역 (수정집행)'!$D:$D,2,'5-3. 소모품비산출내역 (수정집행)'!$AI:$AI)+SUMIF('5-3. 소모품비산출내역 (수정집행)'!$D:$D,2,'5-3. 소모품비산출내역 (수정집행)'!$AL:$AL) | O47: =M47+N47 | P47: =K47+L47+O47
C48: - 수도광열비 | J48: =I48-H48 | O48: =M48+N48 | P48: =K48+L48+O48
C49: - 여비교통비 | D49: =HLOOKUP(공통!E5, 공통!$E$8:$P$149, 공통!D50, FALSE) | F49: =HLOOKUP(공통!E5-1, 공통!$E$8:$P$149, 공통!D51, FALSE) | G49: =HLOOKUP(공통!E5, 공통!$E$8:$P$149, 공통!D51, FALSE) | H49: =HLOOKUP(공통!E5-1, 공통!$E$8:$P$149, 공통!D52, FALSE) | I49: =HLOOKUP(공통!E5, 공통!$E$8:$P$149, 공통!D52, FALSE) | J49: =I49-H49 | K49: =HLOOKUP(공통!E5, 공통!$E$8:$P$149, 공통!D53, FALSE) | L49: =HLOOKUP(공통!E5, 공통!$E$8:$P$149, 공통!D54, FALSE) | M49: =HLOOKUP(공통!E5, 공통!$E$8:$P$149, 공통!D55, FALSE) | N49: =HLOOKUP(공통!E5, 공통!$E$8:$P$149, 공통!D56, FALSE) | O49: =M49+N49 | P49: =K49+L49+O49 | U49: PJT 기간 간 사용할 비용 산정
C50: - 통신비 | D50: =HLOOKUP(공통!E5, 공통!$E$8:$P$149, 공통!D85, FALSE) | F50: =HLOOKUP(공통!E5-1, 공통!$E$8:$P$149, 공통!D86, FALSE) | G50: =HLOOKUP(공통!E5, 공통!$E$8:$P$149, 공통!D86, FALSE) | H50: =HLOOKUP(공통!E5-1, 공통!$E$8:$P$149, 공통!D87, FALSE) | I50: =HLOOKUP(공통!E5, 공통!$E$8:$P$149, 공통!D87, FALSE) | J50: =I50-H50 | K50: =HLOOKUP(공통!E5, 공통!$E$8:$P$149, 공통!D88, FALSE) | L50: =HLOOKUP(공통!E5, 공통!$E$8:$P$149, 공통!D89, FALSE) | M50: =HLOOKUP(공통!E5, 공통!$E$8:$P$149, 공통!D90, FALSE) | N50: =HLOOKUP(공통!E5, 공통!$E$8:$P$149, 공통!D91, FALSE) | O50: =M50+N50 | P50: =K50+L50+O50 | U50: 전화 사용하는 PJT는 산정
C51: - 도서인쇄비 | D51: =HLOOKUP(공통!E5, 공통!$E$8:$P$149, 공통!D92, FALSE) | F51: =HLOOKUP(공통!E5-1, 공통!$E$8:$P$149, 공통!D93, FALSE) | G51: =HLOOKUP(공통!E5, 공통!$E$8:$P$149, 공통!D93, FALSE) | H51: =HLOOKUP(공통!E5-1, 공통!$E$8:$P$149, 공통!D94, FALSE) | I51: =HLOOKUP(공통!E5, 공통!$E$8:$P$149, 공통!D94, FALSE) | J51: =I51-H51 | K51: =HLOOKUP(공통!E5, 공통!$E$8:$P$149, 공통!D95, FALSE) | L51: =HLOOKUP(공통!E5, 공통!$E$8:$P$149, 공통!D96, FALSE) | M51: =HLOOKUP(공통!E5, 공통!$E$8:$P$149, 공통!D97, FALSE) | N51: =HLOOKUP(공통!E5, 공통!$E$8:$P$149, 공통!D98, FALSE) | O51: =M51+N51 | P51: =K51+L51+O51 | U51: 산출물 인쇄 필요시 필요한 만큼 산정
C52: - 차량유지비 | D52: =HLOOKUP(공통!E5, 공통!$E$8:$P$149, 공통!D57, FALSE) | F52: =HLOOKUP(공통!E5-1, 공통!$E$8:$P$149, 공통!D58, FALSE) | G52: =HLOOKUP(공통!E5, 공통!$E$8:$P$149, 공통!D58, FALSE) | H52: =HLOOKUP(공통!E5-1, 공통!$E$8:$P$149, 공통!D59, FALSE) | I52: =HLOOKUP(공통!E5, 공통!$E$8:$P$149, 공통!D59, FALSE) | J52: =I52-H52 | K52: =HLOOKUP(공통!E5, 공통!$E$8:$P$149, 공통!D60, FALSE) | L52: =HLOOKUP(공통!E5, 공통!$E$8:$P$149, 공통!D61, FALSE) | M52: =HLOOKUP(공통!E5, 공통!$E$8:$P$149, 공통!D62, FALSE) | N52: =HLOOKUP(공통!E5, 공통!$E$8:$P$149, 공통!D63, FALSE) | O52: =M52+N52 | P52: =K52+L52+O52 | U52: 유류대 지급 계정이나 여비교통비로 대체 가능
C53: - 수수료 | D53: 소 계 | F53: =SUM(F54:F55) | G53: =SUM(G54:G55) | H53: =SUM(H54:H55) | I53: =SUM(I54:I55) | J53: =I53-H53 | K53: =SUM(K54:K55) | L53: =SUM(L54:L55) | M53: =SUM(M54:M55) | N53: =SUM(N54:N55) | O53: =M53+N53 | P53: =K53+L53+O53 | U53: 수수료 탭 참조
C54: 용역수수료 | D54: 수수료 산출내역서 참조 | F54: =SUMIF('5-4. 수수료산출내역 (수정집행)'!$D:$D,1,'5-4. 수수료산출내역 (수정집행)'!$J:$J) | G54: =SUMIF('5-4. 수수료산출내역 (수정집행)'!$D:$D,1,'5-4. 수수료산출내역 (수정집행)'!$M:$M) | H54: =SUMIF('5-4. 수수료산출내역 (수정집행)'!$D:$D,1,'5-4. 수수료산출내역 (수정집행)'!$P:$P) | I54: =SUMIF('5-4. 수수료산출내역 (수정집행)'!$D:$D,1,'5-4. 수수료산출내역 (수정집행)'!$S:$S) | J54: =I54-H54 | K54: =SUMIF('5-4. 수수료산출내역 (수정집행)'!$D:$D,1,'5-4. 수수료산출내역 (수정집행)'!$W:$W) | L54: =SUMIF('5-4. 수수료산출내역 (수정집행)'!$D:$D,1,'5-4. 수수료산출내역 (수정집행)'!$Z:$Z) | M54: =SUMIF('5-4. 수수료산출내역 (수정집행)'!$D:$D,1,'5-4. 수수료산출내역 (수정집행)'!$AC:$AC) | N54: =SUMIF('5-4. 수수료산출내역 (수정집행)'!$D:$D,1,'5-4. 수수료산출내역 (수정집행)'!$AF:$AF)+SUMIF('5-4. 수수료산출내역 (수정집행)'!$D:$D,1,'5-4. 수수료산출내역 (수정집행)'!$AI:$AI)+SUMIF('5-4. 수수료산출내역 (수정집행)'!$D:$D,1,'5-4. 수수료산출내역 (수정집행)'!$AL:$AL) | O54: =M54+N54 | P54: =K54+L54+O54
C55: 유지보수수수료 | D55: 수수료 산출내역서 참조 | F55: =SUMIF('5-4. 수수료산출내역 (수정집행)'!$D:$D,2,'5-4. 수수료산출내역 (수정집행)'!$J:$J) | G55: =SUMIF('5-4. 수수료산출내역 (수정집행)'!$D:$D,2,'5-4. 수수료산출내역 (수정집행)'!$M:$M) | H55: =SUMIF('5-4. 수수료산출내역 (수정집행)'!$D:$D,2,'5-4. 수수료산출내역 (수정집행)'!$P:$P) | I55: =SUMIF('5-4. 수수료산출내역 (수정집행)'!$D:$D,2,'5-4. 수수료산출내역 (수정집행)'!$S:$S) | J55: =I55-H55 | K55: =SUMIF('5-4. 수수료산출내역 (수정집행)'!$D:$D,2,'5-4. 수수료산출내역 (수정집행)'!$W:$W) | L55: =SUMIF('5-4. 수수료산출내역 (수정집행)'!$D:$D,2,'5-4. 수수료산출내역 (수정집행)'!$Z:$Z) | M55: =SUMIF('5-4. 수수료산출내역 (수정집행)'!$D:$D,2,'5-4. 수수료산출내역 (수정집행)'!$AC:$AC) | N55: =SUMIF('5-4. 수수료산출내역 (수정집행)'!$D:$D,2,'5-4. 수수료산출내역 (수정집행)'!$AF:$AF)+SUMIF('5-4. 수수료산출내역 (수정집행)'!$D:$D,2,'5-4. 수수료산출내역 (수정집행)'!$AI:$AI)+SUMIF('5-4. 수수료산출내역 (수정집행)'!$D:$D,2,'5-4. 수수료산출내역 (수정집행)'!$AL:$AL) | O55: =M55+N55 | P55: =K55+L55+O55
C56: - 안전관리비 | D56: =HLOOKUP(공통!E5, 공통!$E$8:$P$149, 공통!D99, FALSE) | F56: =HLOOKUP(공통!E5-1, 공통!$E$8:$P$149, 공통!D100, FALSE) | G56: =HLOOKUP(공통!E5, 공통!$E$8:$P$149, 공통!D100, FALSE) | H56: =HLOOKUP(공통!E5-1, 공통!$E$8:$P$149, 공통!D101, FALSE) | I56: =HLOOKUP(공통!E5, 공통!$E$8:$P$149, 공통!D101, FALSE) | J56: =I56-H56 | K56: =HLOOKUP(공통!E5, 공통!$E$8:$P$149, 공통!D102, FALSE) | L56: =HLOOKUP(공통!E5, 공통!$E$8:$P$149, 공통!D103, FALSE) | M56: =HLOOKUP(공통!E5, 공통!$E$8:$P$149, 공통!D104, FALSE) | N56: =HLOOKUP(공통!E5, 공통!$E$8:$P$149, 공통!D105, FALSE) | O56: =M56+N56 | P56: =K56+L56+O56 | U56: 계약검토 당시 안전보건팀에서 안전관리비 산정 필요하다는 회신 있는 경우 투입 인원 * 5만원으로 산정
C57: - 기타 | D57: =HLOOKUP(공통!E5, 공통!$E$8:$P$149, 공통!D106, FALSE) | F57: =HLOOKUP(공통!E5-1, 공통!$E$8:$P$149, 공통!D107, FALSE) | G57: =HLOOKUP(공통!E5, 공통!$E$8:$P$149, 공통!D107, FALSE) | H57: =HLOOKUP(공통!E5-1, 공통!$E$8:$P$149, 공통!D108, FALSE) | I57: =HLOOKUP(공통!E5, 공통!$E$8:$P$149, 공통!D108, FALSE) | J57: =I57-H57 | K57: =HLOOKUP(공통!E5, 공통!$E$8:$P$149, 공통!D109, FALSE) | L57: =HLOOKUP(공통!E5, 공통!$E$8:$P$149, 공통!D110, FALSE) | M57: =HLOOKUP(공통!E5, 공통!$E$8:$P$149, 공통!D111, FALSE) | N57: =HLOOKUP(공통!E5, 공통!$E$8:$P$149, 공통!D112, FALSE) | O57: =M57+N57 | P57: =K57+L57+O57
C58: 합 계 | F58: =SUM(F25,F22,F11,F8) | G58: =SUM(G25,G22,G11,G8) | H58: =SUM(H25,H22,H11,H8) | I58: =SUM(I25,I22,I11,I8) | J58: =I58-H58 | K58: =SUM(K25,K22,K11,K8) | L58: =SUM(L25,L22,L11,L8) | M58: =SUM(M25,M22,M11,M8) | N58: =SUM(N25,N22,N11,N8) | O58: =M58+N58 | P58: =K58+L58+O58
C60: GS네오텍 | P60: GP-4050-06(1)

Sheet 5-1. 재료비산출내역 (수정집행)
V1: 3
D2: [ ■ 본사 □ 현지 ] 재료비 산출내역
D3: 재료비 산출내역(1=본사 재료비, 2=현지 재료비)
D4: ='0. 집행계획(갑지) (수정집행)'!D7 | AQ4: 【단위 : 원】
D5: 자재 코드 | E5: 품 명 | F5: 규 격 | G5: 단위 | H5: 계 약 | N5: 집행계획(A) | U5: 정산누계(B) [~25년] | X5: 당기계획(C) [26년] | AA5: 당기 이후 | AO5: 계(E=B+C+D) | AQ5: 비 고
AA6: [27년] | AD6: [28년] | AG6: [29년] | AJ6: [30년~] | AM6: 소계(D)
H7: 당초 | K7: 변경 | N7: 당초 | Q7: 변경 | T7: 증감
H8: 수량 | I8: 단가 | J8: 금액 | K8: 수량 | L8: 단가 | M8: 금액 | N8: 수량 | O8: 단가 | P8: 금액 | Q8: 수량 | R8: 단가 | S8: 금액 | U8: 수량 | V8: 단가 | W8: 금액 | X8: 수량 | Y8: 단가 | Z8: 금액 | AA8: 수량 | AB8: 단가 | AC8: 금액 | AD8: 수량 | AE8: 단가 | AF8: 금액 | AG8: 수량 | AH8: 단가 | AI8: 금액 | AJ8: 수량 | AK8: 단가 | AL8: 금액 | AM8: 수량 | AN8: 금액 | AO8: 수량 | AP8: 금액
J9: =H9*I9 | M9: =K9*L9 | P9: =N9*O9 | S9: =Q9*R9 | T9: =S9-P9 | W9: =U9*V9 | Z9: =X9*Y9 | AC9: =AA9*AB9 | AF9: =AD9*AE9 | AI9: =AG9*AH9 | AL9: =AJ9*AK9 | AM9: =AA9+AD9+AG9+AJ9 | AN9: =AC9+AF9+AI9+AL9 | AO9: =AM9+X9+U9 | AP9: =AN9+Z9+W9 | AT9: 자재코드(D열) : 1 (Cloud사용료), 2(라이선스)
J10: =H10*I10 | M10: =K10*L10 | P10: =N10*O10 | S10: =Q10*R10 | T10: =S10-P10 | W10: =U10*V10 | Z10: =X10*Y10 | AC10: =AA10*AB10 | AF10: =AD10*AE10 | AI10: =AG10*AH10 | AL10: =AJ10*AK10 | AM10: =AA10+AD10+AG10+AJ10 | AN10: =AC10+AF10+AI10+AL10 | AO10: =AM10+X10+U10 | AP10: =AN10+Z10+W10 | AS10: =AP10-S10
J11: =H11*I11 | M11: =K11*L11 | P11: =N11*O11 | S11: =Q11*R11 | T11: =S11-P11 | W11: =U11*V11 | Z11: =X11*Y11 | AC11: =AA11*AB11 | AF11: =AD11*AE11 | AI11: =AG11*AH11 | AL11: =AJ11*AK11 | AM11: =AA11+AD11+AG11+AJ11 | AN11: =AC11+AF11+AI11+AL11 | AO11: =AM11+X11+U11 | AP11: =AN11+Z11+W11 | AS11: =AP11-S11
J12: =H12*I12 | M12: =K12*L12 | P12: =N12*O12 | S12: =Q12*R12 | T12: =S12-P12 | W12: =U12*V12 | Z12: =X12*Y12 | AC12: =AA12*AB12 | AF12: =AD12*AE12 | AI12: =AG12*AH12 | AL12: =AJ12*AK12 | AM12: =AA12+AD12+AG12+AJ12 | AN12: =AC12+AF12+AI12+AL12 | AO12: =AM12+X12+U12 | AP12: =AN12+Z12+W12 | AS12: =AP12-S12
J13: =H13*I13 | M13: =K13*L13 | P13: =N13*O13 | S13: =Q13*R13 | T13: =S13-P13 | W13: =U13*V13 | Z13: =X13*Y13 | AC13: =AA13*AB13 | AF13: =AD13*AE13 | AI13: =AG13*AH13 | AL13: =AJ13*AK13 | AM13: =AA13+AD13+AG13+AJ13 | AN13: =AC13+AF13+AI13+AL13 | AO13: =AM13+X13+U13 | AP13: =AN13+Z13+W13 | AS13: =AP13-S13
J14: =H14*I14 | M14: =K14*L14 | P14: =N14*O14 | S14: =Q14*R14 | T14: =S14-P14 | W14: =U14*V14 | Z14: =X14*Y14 | AC14: =AA14*AB14 | AF14: =AD14*AE14 | AI14: =AG14*AH14 | AL14: =AJ14*AK14 | AM14: =AA14+AD14+AG14+AJ14 | AN14: =AC14+AF14+AI14+AL14 | AO14: =AM14+X14+U14 | AP14: =AN14+Z14+W14 | AS14: =AP14-S14
J15: =H15*I15 | M15: =K15*L15 | P15: =N15*O15 | S15: =Q15*R15 | T15: =S15-P15 | W15: =U15*V15 | Z15: =X15*Y15 | AC15: =AA15*AB15 | AF15: =AD15*AE15 | AI15: =AG15*AH15 | AL15: =AJ15*AK15 | AM15: =AA15+AD15+AG15+AJ15 | AN15: =AC15+AF15+AI15+AL15 | AO15: =AM15+X15+U15 | AP15: =AN15+Z15+W15 | AS15: =AP15-S15
J16: =H16*I16 | M16: =K16*L16 | P16: =N16*O16 | S16: =Q16*R16 | T16: =S16-P16 | W16: =U16*V16 | Z16: =X16*Y16 | AC16: =AA16*AB16 | AF16: =AD16*AE16 | AI16: =AG16*AH16 | AL16: =AJ16*AK16 | AM16: =AA16+AD16+AG16+AJ16 | AN16: =AC16+AF16+AI16+AL16 | AO16: =AM16+X16+U16 | AP16: =AN16+Z16+W16 | AS16: =AP16-S16
J17: =H17*I17 | M17: =K17*L17 | P17: =N17*O17 | S17: =Q17*R17 | T17: =S17-P17 | W17: =U17*V17 | Z17: =X17*Y17 | AC17: =AA17*AB17 | AF17: =AD17*AE17 | AI17: =AG17*AH17 | AL17: =AJ17*AK17 | AM17: =AA17+AD17+AG17+AJ17 | AN17: =AC17+AF17+AI17+AL17 | AO17: =AM17+X17+U17 | AP17: =AN17+Z17+W17 | AS17: =AP17-S17
J18: =H18*I18 | M18: =K18*L18 | P18: =N18*O18 | S18: =Q18*R18 | T18: =S18-P18 | W18: =U18*V18 | Z18: =X18*Y18 | AC18: =AA18*AB18 | AF18: =AD18*AE18 | AI18: =AG18*AH18 | AL18: =AJ18*AK18 | AM18: =AA18+AD18+AG18+AJ18 | AN18: =AC18+AF18+AI18+AL18 | AO18: =AM18+X18+U18 | AP18: =AN18+Z18+W18 | AS18: =AP18-S18
J19: =H19*I19 | M19: =K19*L19 | P19: =N19*O19 | S19: =Q19*R19 | T19: =S19-P19 | W19: =U19*V19 | Z19: =X19*Y19 | AC19: =AA19*AB19 | AF19: =AD19*AE19 | AI19: =AG19*AH19 | AL19: =AJ19*AK19 | AM19: =AA19+AD19+AG19+AJ19 | AN19: =AC19+AF19+AI19+AL19 | AO19: =AM19+X19+U19 | AP19: =AN19+Z19+W19 | AS19: =AP19-S19
J20: =H20*I20 | M20: =K20*L20 | P20: =N20*O20 | S20: =Q20*R20 | T20: =S20-P20 | W20: =U20*V20 | Z20: =X20*Y20 | AC20: =AA20*AB20 | AF20: =AD20*AE20 | AI20: =AG20*AH20 | AL20: =AJ20*AK20 | AM20: =AA20+AD20+AG20+AJ20 | AN20: =AC20+AF20+AI20+AL20 | AO20: =AM20+X20+U20 | AP20: =AN20+Z20+W20 | AS20: =AP20-S20
J21: =H21*I21 | M21: =K21*L21 | P21: =N21*O21 | S21: =Q21*R21 | T21: =S21-P21 | W21: =U21*V21 | Z21: =X21*Y21 | AC21: =AA21*AB21 | AF21: =AD21*AE21 | AI21: =AG21*AH21 | AL21: =AJ21*AK21 | AM21: =AA21+AD21+AG21+AJ21 | AN21: =AC21+AF21+AI21+AL21 | AO21: =AM21+X21+U21 | AP21: =AN21+Z21+W21 | AS21: =AP21-S21
... J26: =H26*I26 | M26: =K26*L26 | P26: =N26*O26 | S26: =Q26*R26 | T26: =S26-P26 | W26: =U26*V26 | Z26: =X26*Y26 | AC26: =AA26*AB26 | AF26: =AD26*AE26 | AI26: =AG26*AH26 | AL26: =AJ26*AK26 | AM26: =AA26+AD26+AG26+AJ26 | AN26: =AC26+AF26+AI26+AL26 | AO26: =AM26+X26+U26 | AP26: =AN26+Z26+W26 | AS26: =AP26-S26
D27: 합 계 | J27: =SUM(J9:J26) | M27: =SUM(M9:M26) | P27: =SUM(P9:P26) | S27: =SUM(S9:S26) | T27: =SUM(T9:T26) | W27: =SUM(W9:W26) | Z27: =SUM(Z9:Z26) | AC27: =SUM(AC9:AC26) | AF27: =SUM(AF9:AF26) | AI27: =SUM(AI9:AI26) | AL27: =SUM(AL9:AL26) | AN27: =SUM(AN9:AN26) | AP27: =SUM(AP9:AP26) | AS27: =AP27-S27
D29: GS네오텍 | G29: Page : | AQ29: GP-4050-07(1)

Sheet 5-2. 회선비산출내역 (수정집행)
V1: 3
D2: [ ■ 본사 □ 현지 ] 재료비 산출내역
D3: 회선비 산출내역(1=Cloud 사용료(AWS/구글 등), 2=라이선스(국산/외산))
D4: ='0. 집행계획(갑지) (수정집행)'!D7 | AQ4: 【단위 : 원】
D5: 자재 코드 | E5: 품 명 | F5: 규 격 | G5: 단위 | H5: 계 약 | N5: 집행계획(A) | U5: 정산누계(B) [~25년] | X5: 당기계획(C) [26년] | AA5: 당기 이후 | AO5: 계(E=B+C+D) | AQ5: 비 고
AA6: [27년] | AD6: [28년] | AG6: [29년] | AJ6: [30년~] | AM6: 소계(D)
H7: 당초 | K7: 변경 | N7: 당초 | Q7: 변경 | T7: 증감
H8: 수량 | I8: 단가 | J8: 금액 | K8: 수량 | L8: 단가 | M8: 금액 | N8: 수량 | O8: 단가 | P8: 금액 | Q8: 수량 | R8: 단가 | S8: 금액 | U8: 수량 | V8: 단가 | W8: 금액 | X8: 수량 | Y8: 단가 | Z8: 금액 | AA8: 수량 | AB8: 단가 | AC8: 금액 | AD8: 수량 | AE8: 단가 | AF8: 금액 | AG8: 수량 | AH8: 단가 | AI8: 금액 | AJ8: 수량 | AK8: 단가 | AL8: 금액 | AM8: 수량 | AN8: 금액 | AO8: 수량 | AP8: 금액
J9: =H9*I9 | M9: =K9*L9 | P9: =N9*O9 | S9: =Q9*R9 | T9: =S9-P9 | W9: =U9*V9 | Z9: =X9*Y9 | AC9: =AA9*AB9 | AF9: =AD9*AE9 | AI9: =AG9*AH9 | AL9: =AJ9*AK9 | AM9: =AA9+AD9+AG9+AJ9 | AN9: =AC9+AF9+AI9+AL9 | AO9: =AM9+X9+U9 | AP9: =AN9+Z9+W9
J10: =H10*I10 | M10: =K10*L10 | P10: =N10*O10 | S10: =Q10*R10 | T10: =S10-P10 | W10: =U10*V10 | Z10: =X10*Y10 | AC10: =AA10*AB10 | AF10: =AD10*AE10 | AI10: =AG10*AH10 | AL10: =AJ10*AK10 | AM10: =AA10+AD10+AG10+AJ10 | AN10: =AC10+AF10+AI10+AL10 | AO10: =AM10+X10+U10 | AP10: =AN10+Z10+W10 | AS10: =AP10-S10
J11: =H11*I11 | M11: =K11*L11 | P11: =N11*O11 | S11: =Q11*R11 | T11: =S11-P11 | W11: =U11*V11 | Z11: =X11*Y11 | AC11: =AA11*AB11 | AF11: =AD11*AE11 | AI11: =AG11*AH11 | AL11: =AJ11*AK11 | AM11: =AA11+AD11+AG11+AJ11 | AN11: =AC11+AF11+AI11+AL11 | AO11: =AM11+X11+U11 | AP11: =AN11+Z11+W11 | AS11: =AP11-S11
J12: =H12*I12 | M12: =K12*L12 | P12: =N12*O12 | S12: =Q12*R12 | T12: =S12-P12 | W12: =U12*V12 | Z12: =X12*Y12 | AC12: =AA12*AB12 | AF12: =AD12*AE12 | AI12: =AG12*AH12 | AL12: =AJ12*AK12 | AM12: =AA12+AD12+AG12+AJ12 | AN12: =AC12+AF12+AI12+AL12 | AO12: =AM12+X12+U12 | AP12: =AN12+Z12+W12 | AS12: =AP12-S12
J13: =H13*I13 | M13: =K13*L13 | P13: =N13*O13 | S13: =Q13*R13 | T13: =S13-P13 | W13: =U13*V13 | Z13: =X13*Y13 | AC13: =AA13*AB13 | AF13: =AD13*AE13 | AI13: =AG13*AH13 | AL13: =AJ13*AK13 | AM13: =AA13+AD13+AG13+AJ13 | AN13: =AC13+AF13+AI13+AL13 | AO13: =AM13+X13+U13 | AP13: =AN13+Z13+W13 | AS13: =AP13-S13
J14: =H14*I14 | M14: =K14*L14 | P14: =N14*O14 | S14: =Q14*R14 | T14: =S14-P14 | W14: =U14*V14 | Z14: =X14*Y14 | AC14: =AA14*AB14 | AF14: =AD14*AE14 | AI14: =AG14*AH14 | AL14: =AJ14*AK14 | AM14: =AA14+AD14+AG14+AJ14 | AN14: =AC14+AF14+AI14+AL14 | AO14: =AM14+X14+U14 | AP14: =AN14+Z14+W14 | AS14: =AP14-S14
J15: =H15*I15 | M15: =K15*L15 | P15: =N15*O15 | S15: =Q15*R15 | T15: =S15-P15 | W15: =U15*V15 | Z15: =X15*Y15 | AC15: =AA15*AB15 | AF15: =AD15*AE15 | AI15: =AG15*AH15 | AL15: =AJ15*AK15 | AM15: =AA15+AD15+AG15+AJ15 | AN15: =AC15+AF15+AI15+AL15 | AO15: =AM15+X15+U15 | AP15: =AN15+Z15+W15 | AS15: =AP15-S15
J16: =H16*I16 | M16: =K16*L16 | P16: =N16*O16 | S16: =Q16*R16 | T16: =S16-P16 | W16: =U16*V16 | Z16: =X16*Y16 | AC16: =AA16*AB16 | AF16: =AD16*AE16 | AI16: =AG16*AH16 | AL16: =AJ16*AK16 | AM16: =AA16+AD16+AG16+AJ16 | AN16: =AC16+AF16+AI16+AL16 | AO16: =AM16+X16+U16 | AP16: =AN16+Z16+W16 | AS16: =AP16-S16
J17: =H17*I17 | M17: =K17*L17 | P17: =N17*O17 | S17: =Q17*R17 | T17: =S17-P17 | W17: =U17*V17 | Z17: =X17*Y17 | AC17: =AA17*AB17 | AF17: =AD17*AE17 | AI17: =AG17*AH17 | AL17: =AJ17*AK17 | AM17: =AA17+AD17+AG17+AJ17 | AN17: =AC17+AF17+AI17+AL17 | AO17: =AM17+X17+U17 | AP17: =AN17+Z17+W17 | AS17: =AP17-S17
J18: =H18*I18 | M18: =K18*L18 | P18: =N18*O18 | S18: =Q18*R18 | T18: =S18-P18 | W18: =U18*V18 | Z18: =X18*Y18 | AC18: =AA18*AB18 | AF18: =AD18*AE18 | AI18: =AG18*AH18 | AL18: =AJ18*AK18 | AM18: =AA18+AD18+AG18+AJ18 | AN18: =AC18+AF18+AI18+AL18 | AO18: =AM18+X18+U18 | AP18: =AN18+Z18+W18 | AS18: =AP18-S18
J19: =H19*I19 | M19: =K19*L19 | P19: =N19*O19 | S19: =Q19*R19 | T19: =S19-P19 | W19: =U19*V19 | Z19: =X19*Y19 | AC19: =AA19*AB19 | AF19: =AD19*AE19 | AI19: =AG19*AH19 | AL19: =AJ19*AK19 | AM19: =AA19+AD19+AG19+AJ19 | AN19: =AC19+AF19+AI19+AL19 | AO19: =AM19+X19+U19 | AP19: =AN19+Z19+W19 | AS19: =AP19-S19
J20: =H20*I20 | M20: =K20*L20 | P20: =N20*O20 | S20: =Q20*R20 | T20: =S20-P20 | W20: =U20*V20 | Z20: =X20*Y20 | AC20: =AA20*AB20 | AF20: =AD20*AE20 | AI20: =AG20*AH20 | AL20: =AJ20*AK20 | AM20: =AA20+AD20+AG20+AJ20 | AN20: =AC20+AF20+AI20+AL20 | AO20: =AM20+X20+U20 | AP20: =AN20+Z20+W20 | AS20: =AP20-S20
J21: =H21*I21 | M21: =K21*L21 | P21: =N21*O21 | S21: =Q21*R21 | T21: =S21-P21 | W21: =U21*V21 | Z21: =X21*Y21 | AC21: =AA21*AB21 | AF21: =AD21*AE21 | AI21: =AG21*AH21 | AL21: =AJ21*AK21 | AM21: =AA21+AD21+AG21+AJ21 | AN21: =AC21+AF21+AI21+AL21 | AO21: =AM21+X21+U21 | AP21: =AN21+Z21+W21 | AS21: =AP21-S21
... J26: =H26*I26 | M26: =K26*L26 | P26: =N26*O26 | S26: =Q26*R26 | T26: =S26-P26 | W26: =U26*V26 | Z26: =X26*Y26 | AC26: =AA26*AB26 | AF26: =AD26*AE26 | AI26: =AG26*AH26 | AL26: =AJ26*AK26 | AM26: =AA26+AD26+AG26+AJ26 | AN26: =AC26+AF26+AI26+AL26 | AO26: =AM26+X26+U26 | AP26: =AN26+Z26+W26 | AS26: =AP26-S26
D27: 합 계 | J27: =SUM(J9:J26) | M27: =SUM(M9:M26) | P27: =SUM(P9:P26) | S27: =SUM(S9:S26) | T27: =SUM(T9:T26) | W27: =SUM(W9:W26) | Z27: =SUM(Z9:Z26) | AC27: =SUM(AC9:AC26) | AF27: =SUM(AF9:AF26) | AI27: =SUM(AI9:AI26) | AL27: =SUM(AL9:AL26) | AN27: =SUM(AN9:AN26) | AP27: =SUM(AP9:AP26) | AS27: =AP27-S27
D29: GS네오텍 | G29: Page : | AQ29: GP-4050-07(1)

Sheet 5-3. 소모품비산출내역 (수정집행)
V1: 3
D2: [ ■ 본사 □ 현지 ] 재료비 산출내역
D3: 소모품비 산출내역(1=공사용 소모품비, 2=사무용 소모품비)
D4: ='0. 집행계획(갑지) (수정집행)'!D7 | AQ4: 【단위 : 원】
D5: 자재 코드 | E5: 품 명 | F5: 규 격 | G5: 단위 | H5: 계 약 | N5: 집행계획(A) | U5: 정산누계(B) [~25년] | X5: 당기계획(C) [26년] | AA5: 당기 이후 | AO5: 계(E=B+C+D) | AQ5: 비 고
AA6: [27년] | AD6: [28년] | AG6: [29년] | AJ6: [30년~] | AM6: 소계(D)
H7: 당초 | K7: 변경 | N7: 당초 | Q7: 변경 | T7: 증감
H8: 수량 | I8: 단가 | J8: 금액 | K8: 수량 | L8: 단가 | M8: 금액 | N8: 수량 | O8: 단가 | P8: 금액 | Q8: 수량 | R8: 단가 | S8: 금액 | U8: 수량 | V8: 단가 | W8: 금액 | X8: 수량 | Y8: 단가 | Z8: 금액 | AA8: 수량 | AB8: 단가 | AC8: 금액 | AD8: 수량 | AE8: 단가 | AF8: 금액 | AG8: 수량 | AH8: 단가 | AI8: 금액 | AJ8: 수량 | AK8: 단가 | AL8: 금액 | AM8: 수량 | AN8: 금액 | AO8: 수량 | AP8: 금액
J9: =H9*I9 | M9: =K9*L9 | P9: =N9*O9 | S9: =Q9*R9 | T9: =S9-P9 | W9: =U9*V9 | Z9: =X9*Y9 | AC9: =AA9*AB9 | AF9: =AD9*AE9 | AI9: =AG9*AH9 | AL9: =AJ9*AK9 | AM9: =AA9+AD9+AG9+AJ9 | AN9: =AC9+AF9+AI9+AL9 | AO9: =AM9+X9+U9 | AP9: =AN9+Z9+W9 | AT9: 자재코드(D열) : 1(공사용 소모품비)., 2(사무용 소모품비)
J10: =H10*I10 | M10: =K10*L10 | P10: =N10*O10 | S10: =Q10*R10 | T10: =S10-P10 | W10: =U10*V10 | Z10: =X10*Y10 | AC10: =AA10*AB10 | AF10: =AD10*AE10 | AI10: =AG10*AH10 | AL10: =AJ10*AK10 | AM10: =AA10+AD10+AG10+AJ10 | AN10: =AC10+AF10+AI10+AL10 | AO10: =AM10+X10+U10 | AP10: =AN10+Z10+W10 | AS10: =AP10-S10
J11: =H11*I11 | M11: =K11*L11 | P11: =N11*O11 | S11: =Q11*R11 | T11: =S11-P11 | W11: =U11*V11 | Z11: =X11*Y11 | AC11: =AA11*AB11 | AF11: =AD11*AE11 | AI11: =AG11*AH11 | AL11: =AJ11*AK11 | AM11: =AA11+AD11+AG11+AJ11 | AN11: =AC11+AF11+AI11+AL11 | AO11: =AM11+X11+U11 | AP11: =AN11+Z11+W11 | AS11: =AP11-S11
J12: =H12*I12 | M12: =K12*L12 | P12: =N12*O12 | S12: =Q12*R12 | T12: =S12-P12 | W12: =U12*V12 | Z12: =X12*Y12 | AC12: =AA12*AB12 | AF12: =AD12*AE12 | AI12: =AG12*AH12 | AL12: =AJ12*AK12 | AM12: =AA12+AD12+AG12+AJ12 | AN12: =AC12+AF12+AI12+AL12 | AO12: =AM12+X12+U12 | AP12: =AN12+Z12+W12 | AS12: =AP12-S12
J13: =H13*I13 | M13: =K13*L13 | P13: =N13*O13 | S13: =Q13*R13 | T13: =S13-P13 | W13: =U13*V13 | Z13: =X13*Y13 | AC13: =AA13*AB13 | AF13: =AD13*AE13 | AI13: =AG13*AH13 | AL13: =AJ13*AK13 | AM13: =AA13+AD13+AG13+AJ13 | AN13: =AC13+AF13+AI13+AL13 | AO13: =AM13+X13+U13 | AP13: =AN13+Z13+W13 | AS13: =AP13-S13
J14: =H14*I14 | M14: =K14*L14 | P14: =N14*O14 | S14: =Q14*R14 | T14: =S14-P14 | W14: =U14*V14 | Z14: =X14*Y14 | AC14: =AA14*AB14 | AF14: =AD14*AE14 | AI14: =AG14*AH14 | AL14: =AJ14*AK14 | AM14: =AA14+AD14+AG14+AJ14 | AN14: =AC14+AF14+AI14+AL14 | AO14: =AM14+X14+U14 | AP14: =AN14+Z14+W14 | AS14: =AP14-S14
J15: =H15*I15 | M15: =K15*L15 | P15: =N15*O15 | S15: =Q15*R15 | T15: =S15-P15 | W15: =U15*V15 | Z15: =X15*Y15 | AC15: =AA15*AB15 | AF15: =AD15*AE15 | AI15: =AG15*AH15 | AL15: =AJ15*AK15 | AM15: =AA15+AD15+AG15+AJ15 | AN15: =AC15+AF15+AI15+AL15 | AO15: =AM15+X15+U15 | AP15: =AN15+Z15+W15 | AS15: =AP15-S15
J16: =H16*I16 | M16: =K16*L16 | P16: =N16*O16 | S16: =Q16*R16 | T16: =S16-P16 | W16: =U16*V16 | Z16: =X16*Y16 | AC16: =AA16*AB16 | AF16: =AD16*AE16 | AI16: =AG16*AH16 | AL16: =AJ16*AK16 | AM16: =AA16+AD16+AG16+AJ16 | AN16: =AC16+AF16+AI16+AL16 | AO16: =AM16+X16+U16 | AP16: =AN16+Z16+W16 | AS16: =AP16-S16
J17: =H17*I17 | M17: =K17*L17 | P17: =N17*O17 | S17: =Q17*R17 | T17: =S17-P17 | W17: =U17*V17 | Z17: =X17*Y17 | AC17: =AA17*AB17 | AF17: =AD17*AE17 | AI17: =AG17*AH17 | AL17: =AJ17*AK17 | AM17: =AA17+AD17+AG17+AJ17 | AN17: =AC17+AF17+AI17+AL17 | AO17: =AM17+X17+U17 | AP17: =AN17+Z17+W17 | AS17: =AP17-S17
J18: =H18*I18 | M18: =K18*L18 | P18: =N18*O18 | S18: =Q18*R18 | T18: =S18-P18 | W18: =U18*V18 | Z18: =X18*Y18 | AC18: =AA18*AB18 | AF18: =AD18*AE18 | AI18: =AG18*AH18 | AL18: =AJ18*AK18 | AM18: =AA18+AD18+AG18+AJ18 | AN18: =AC18+AF18+AI18+AL18 | AO18: =AM18+X18+U18 | AP18: =AN18+Z18+W18 | AS18: =AP18-S18
J19: =H19*I19 | M19: =K19*L19 | P19: =N19*O19 | S19: =Q19*R19 | T19: =S19-P19 | W19: =U19*V19 | Z19: =X19*Y19 | AC19: =AA19*AB19 | AF19: =AD19*AE19 | AI19: =AG19*AH19 | AL19: =AJ19*AK19 | AM19: =AA19+AD19+AG19+AJ19 | AN19: =AC19+AF19+AI19+AL19 | AO19: =AM19+X19+U19 | AP19: =AN19+Z19+W19 | AS19: =AP19-S19
J20: =H20*I20 | M20: =K20*L20 | P20: =N20*O20 | S20: =Q20*R20 | T20: =S20-P20 | W20: =U20*V20 | Z20: =X20*Y20 | AC20: =AA20*AB20 | AF20: =AD20*AE20 | AI20: =AG20*AH20 | AL20: =AJ20*AK20 | AM20: =AA20+AD20+AG20+AJ20 | AN20: =AC20+AF20+AI20+AL20 | AO20: =AM20+X20+U20 | AP20: =AN20+Z20+W20 | AS20: =AP20-S20
J21: =H21*I21 | M21: =K21*L21 | P21: =N21*O21 | S21: =Q21*R21 | T21: =S21-P21 | W21: =U21*V21 | Z21: =X21*Y21 | AC21: =AA21*AB21 | AF21: =AD21*AE21 | AI21: =AG21*AH21 | AL21: =AJ21*AK21 | AM21: =AA21+AD21+AG21+AJ21 | AN21: =AC21+AF21+AI21+AL21 | AO21: =AM21+X21+U21 | AP21: =AN21+Z21+W21 | AS21: =AP21-S21
... J26: =H26*I26 | M26: =K26*L26 | P26: =N26*O26 | S26: =Q26*R26 | T26: =S26-P26 | W26: =U26*V26 | Z26: =X26*Y26 | AC26: =AA26*AB26 | AF26: =AD26*AE26 | AI26: =AG26*AH26 | AL26: =AJ26*AK26 | AM26: =AA26+AD26+AG26+AJ26 | AN26: =AC26+AF26+AI26+AL26 | AO26: =AM26+X26+U26 | AP26: =AN26+Z26+W26 | AS26: =AP26-S26
D27: 합 계 | J27: =SUM(J9:J26) | M27: =SUM(M9:M26) | P27: =SUM(P9:P26) | S27: =SUM(S9:S26) | T27: =SUM(T9:T26) | W27: =SUM(W9:W26) | Z27: =SUM(Z9:Z26) | AC27: =SUM(AC9:AC26) | AF27: =SUM(AF9:AF26) | AI27: =SUM(AI9:AI26) | AL27: =SUM(AL9:AL26) | AN27: =SUM(AN9:AN26) | AP27: =SUM(AP9:AP26) | AS27: =AP27-S27
D29: GS네오텍 | G29: Page : | AQ29: GP-4050-07(1)

Sheet 5-4. 수수료산출내역 (수정집행)
V1: 3
D2: [ ■ 본사 □ 현지 ] 재료비 산출내역
D3: 수수료 산출내역(1=용역 수수료, 2=유지보수 수수료)
D4: ='0. 집행계획(갑지) (수정집행)'!D7 | AQ4: 【단위 : 원】
D5: 자재 코드 | E5: 품 명 | F5: 규 격 | G5: 단위 | H5: 계 약 | N5: 집행계획(A) | U5: 정산누계(B) [~25년] | X5: 당기계획(C) [26년] | AA5: 당기 이후 | AO5: 계(E=B+C+D) | AQ5: 비 고
AA6: [27년] | AD6: [28년] | AG6: [29년] | AJ6: [30년~] | AM6: 소계(D)
H7: 당초 | K7: 변경 | N7: 당초 | Q7: 변경 | T7: 증감
H8: 수량 | I8: 단가 | J8: 금액 | K8: 수량 | L8: 단가 | M8: 금액 | N8: 수량 | O8: 단가 | P8: 금액 | Q8: 수량 | R8: 단가 | S8: 금액 | U8: 수량 | V8: 단가 | W8: 금액 | X8: 수량 | Y8: 단가 | Z8: 금액 | AA8: 수량 | AB8: 단가 | AC8: 금액 | AD8: 수량 | AE8: 단가 | AF8: 금액 | AG8: 수량 | AH8: 단가 | AI8: 금액 | AJ8: 수량 | AK8: 단가 | AL8: 금액 | AM8: 수량 | AN8: 금액 | AO8: 수량 | AP8: 금액
J9: =H9*I9 | M9: =K9*L9 | P9: =N9*O9 | S9: =Q9*R9 | T9: =S9-P9 | W9: =U9*V9 | Z9: =X9*Y9 | AC9: =AA9*AB9 | AF9: =AD9*AE9 | AI9: =AG9*AH9 | AL9: =AJ9*AK9 | AM9: =AA9+AD9+AG9+AJ9 | AN9: =AC9+AF9+AI9+AL9 | AO9: =AM9+X9+U9 | AP9: =AN9+Z9+W9 | AS9: =AP9-S9
J10: =H10*I10 | M10: =K10*L10 | P10: =N10*O10 | S10: =Q10*R10 | T10: =S10-P10 | W10: =U10*V10 | Z10: =X10*Y10 | AC10: =AA10*AB10 | AF10: =AD10*AE10 | AI10: =AG10*AH10 | AL10: =AJ10*AK10 | AM10: =AA10+AD10+AG10+AJ10 | AN10: =AC10+AF10+AI10+AL10 | AO10: =AM10+X10+U10 | AP10: =AN10+Z10+W10 | AS10: =AP10-S10
J11: =H11*I11 | M11: =K11*L11 | P11: =N11*O11 | S11: =Q11*R11 | T11: =S11-P11 | W11: =U11*V11 | Z11: =X11*Y11 | AC11: =AA11*AB11 | AF11: =AD11*AE11 | AI11: =AG11*AH11 | AL11: =AJ11*AK11 | AM11: =AA11+AD11+AG11+AJ11 | AN11: =AC11+AF11+AI11+AL11 | AO11: =AM11+X11+U11 | AP11: =AN11+Z11+W11 | AS11: =AP11-S11
J12: =H12*I12 | M12: =K12*L12 | P12: =N12*O12 | S12: =Q12*R12 | T12: =S12-P12 | W12: =U12*V12 | Z12: =X12*Y12 | AC12: =AA12*AB12 | AF12: =AD12*AE12 | AI12: =AG12*AH12 | AL12: =AJ12*AK12 | AM12: =AA12+AD12+AG12+AJ12 | AN12: =AC12+AF12+AI12+AL12 | AO12: =AM12+X12+U12 | AP12: =AN12+Z12+W12 | AS12: =AP12-S12
J13: =H13*I13 | M13: =K13*L13 | P13: =N13*O13 | S13: =Q13*R13 | T13: =S13-P13 | W13: =U13*V13 | Z13: =X13*Y13 | AC13: =AA13*AB13 | AF13: =AD13*AE13 | AI13: =AG13*AH13 | AL13: =AJ13*AK13 | AM13: =AA13+AD13+AG13+AJ13 | AN13: =AC13+AF13+AI13+AL13 | AO13: =AM13+X13+U13 | AP13: =AN13+Z13+W13 | AS13: =AP13-S13
J14: =H14*I14 | M14: =K14*L14 | P14: =N14*O14 | S14: =Q14*R14 | T14: =S14-P14 | W14: =U14*V14 | Z14: =X14*Y14 | AC14: =AA14*AB14 | AF14: =AD14*AE14 | AI14: =AG14*AH14 | AL14: =AJ14*AK14 | AM14: =AA14+AD14+AG14+AJ14 | AN14: =AC14+AF14+AI14+AL14 | AO14: =AM14+X14+U14 | AP14: =AN14+Z14+W14 | AS14: =AP14-S14
J15: =H15*I15 | M15: =K15*L15 | P15: =N15*O15 | S15: =Q15*R15 | T15: =S15-P15 | W15: =U15*V15 | Z15: =X15*Y15 | AC15: =AA15*AB15 | AF15: =AD15*AE15 | AI15: =AG15*AH15 | AL15: =AJ15*AK15 | AM15: =AA15+AD15+AG15+AJ15 | AN15: =AC15+AF15+AI15+AL15 | AO15: =AM15+X15+U15 | AP15: =AN15+Z15+W15 | AS15: =AP15-S15
J16: =H16*I16 | M16: =K16*L16 | P16: =N16*O16 | S16: =Q16*R16 | T16: =S16-P16 | W16: =U16*V16 | Z16: =X16*Y16 | AC16: =AA16*AB16 | AF16: =AD16*AE16 | AI16: =AG16*AH16 | AL16: =AJ16*AK16 | AM16: =AA16+AD16+AG16+AJ16 | AN16: =AC16+AF16+AI16+AL16 | AO16: =AM16+X16+U16 | AP16: =AN16+Z16+W16 | AS16: =AP16-S16
J17: =H17*I17 | M17: =K17*L17 | P17: =N17*O17 | S17: =Q17*R17 | T17: =S17-P17 | W17: =U17*V17 | Z17: =X17*Y17 | AC17: =AA17*AB17 | AF17: =AD17*AE17 | AI17: =AG17*AH17 | AL17: =AJ17*AK17 | AM17: =AA17+AD17+AG17+AJ17 | AN17: =AC17+AF17+AI17+AL17 | AO17: =AM17+X17+U17 | AP17: =AN17+Z17+W17 | AS17: =AP17-S17
D18: 소계 | J18: =SUM(J9:J17) | M18: =SUM(M9:M17) | P18: =SUM(P9:P17) | S18: =SUM(S9:S17) | T18: =SUM(T9:T17) | W18: =SUM(W9:W17) | Z18: =SUM(Z9:Z17) | AC18: =SUM(AC9:AC17) | AF18: =SUM(AF9:AF17) | AI18: =SUM(AI9:AI17) | AL18: =SUM(AL9:AL17) | AN18: =AC18+AF18+AI18+AL18 | AP18: =AN18+Z18+W18 | AS18: =AP18-S18
J19: =H19*I19 | M19: =K19*L19 | P19: =N19*O19 | S19: =Q19*R19 | T19: =S19-P19 | W19: =U19*V19 | Z19: =X19*Y19 | AC19: =AA19*AB19 | AF19: =AD19*AE19 | AI19: =AG19*AH19 | AL19: =AJ19*AK19 | AM19: =AA19+AD19+AG19+AJ19 | AN19: =AC19+AF19+AI19+AL19 | AO19: =AM19+X19+U19 | AP19: =AN19+Z19+W19 | AS19: =AP19-S19
J20: =H20*I20 | M20: =K20*L20 | P20: =N20*O20 | S20: =Q20*R20 | T20: =S20-P20 | W20: =U20*V20 | Z20: =X20*Y20 | AC20: =AA20*AB20 | AF20: =AD20*AE20 | AI20: =AG20*AH20 | AL20: =AJ20*AK20 | AM20: =AA20+AD20+AG20+AJ20 | AN20: =AC20+AF20+AI20+AL20 | AO20: =AM20+X20+U20 | AP20: =AN20+Z20+W20 | AS20: =AP20-S20
J21: =H21*I21 | M21: =K21*L21 | P21: =N21*O21 | S21: =Q21*R21 | T21: =S21-P21 | W21: =U21*V21 | Z21: =X21*Y21 | AC21: =AA21*AB21 | AF21: =AD21*AE21 | AI21: =AG21*AH21 | AL21: =AJ21*AK21 | AM21: =AA21+AD21+AG21+AJ21 | AN21: =AC21+AF21+AI21+AL21 | AO21: =AM21+X21+U21 | AP21: =AN21+Z21+W21 | AS21: =AP21-S21
J22: =H22*I22 | M22: =K22*L22 | P22: =N22*O22 | S22: =Q22*R22 | T22: =S22-P22 | W22: =U22*V22 | Z22: =X22*Y22 | AC22: =AA22*AB22 | AF22: =AD22*AE22 | AI22: =AG22*AH22 | AL22: =AJ22*AK22 | AM22: =AA22+AD22+AG22+AJ22 | AN22: =AC22+AF22+AI22+AL22 | AO22: =AM22+X22+U22 | AP22: =AN22+Z22+W22 | AS22: =AP22-S22
J23: =H23*I23 | M23: =K23*L23 | P23: =N23*O23 | S23: =Q23*R23 | T23: =S23-P23 | W23: =U23*V23 | Z23: =X23*Y23 | AC23: =AA23*AB23 | AF23: =AD23*AE23 | AI23: =AG23*AH23 | AL23: =AJ23*AK23 | AM23: =AA23+AD23+AG23+AJ23 | AN23: =AC23+AF23+AI23+AL23 | AO23: =AM23+X23+U23 | AP23: =AN23+Z23+W23 | AS23: =AP23-S23
J24: =H24*I24 | M24: =K24*L24 | P24: =N24*O24 | S24: =Q24*R24 | T24: =S24-P24 | W24: =U24*V24 | Z24: =X24*Y24 | AC24: =AA24*AB24 | AF24: =AD24*AE24 | AI24: =AG24*AH24 | AL24: =AJ24*AK24 | AM24: =AA24+AD24+AG24+AJ24 | AN24: =AC24+AF24+AI24+AL24 | AO24: =AM24+X24+U24 | AP24: =AN24+Z24+W24 | AS24: =AP24-S24
J25: =H25*I25 | M25: =K25*L25 | P25: =N25*O25 | S25: =Q25*R25 | T25: =S25-P25 | W25: =U25*V25 | Z25: =X25*Y25 | AC25: =AA25*AB25 | AF25: =AD25*AE25 | AI25: =AG25*AH25 | AL25: =AJ25*AK25 | AM25: =AA25+AD25+AG25+AJ25 | AN25: =AC25+AF25+AI25+AL25 | AO25: =AM25+X25+U25 | AP25: =AN25+Z25+W25 | AS25: =AP25-S25
D26: 소계 | J26: =SUM(J19:J25) | M26: =SUM(M19:M25) | P26: =SUM(P19:P25) | S26: =SUM(S19:S25) | T26: =SUM(T19:T25) | W26: =SUM(W19:W25) | Z26: =SUM(Z19:Z25) | AC26: =SUM(AC19:AC25) | AF26: =SUM(AF19:AF25) | AI26: =SUM(AI19:AI25) | AL26: =SUM(AL19:AL25) | AN26: =AC26+AF26+AI26+AL26 | AP26: =AN26+Z26+W26 | AS26: =AP26-S26
J27: =H27*I27 | M27: =K27*L27 | P27: =N27*O27 | S27: =Q27*R27 | T27: =S27-P27 | W27: =U27*V27 | Z27: =X27*Y27 | AC27: =AA27*AB27 | AF27: =AD27*AE27 | AI27: =AG27*AH27 | AL27: =AJ27*AK27 | AM27: =AA27+AD27+AG27+AJ27 | AN27: =AC27+AF27+AI27+AL27 | AO27: =AM27+X27+U27 | AP27: =AN27+Z27+W27 | AS27: =AP27-S27
J28: =H28*I28 | M28: =K28*L28 | P28: =N28*O28 | S28: =Q28*R28 | T28: =S28-P28 | W28: =U28*V28 | Z28: =X28*Y28 | AC28: =AA28*AB28 | AF28: =AD28*AE28 | AI28: =AG28*AH28 | AL28: =AJ28*AK28 | AM28: =AA28+AD28+AG28+AJ28 | AN28: =AC28+AF28+AI28+AL28 | AO28: =AM28+X28+U28 | AP28: =AN28+Z28+W28 | AS28: =AP28-S28
J29: =H29*I29 | M29: =K29*L29 | P29: =N29*O29 | S29: =Q29*R29 | T29: =S29-P29 | W29: =U29*V29 | Z29: =X29*Y29 | AC29: =AA29*AB29 | AF29: =AD29*AE29 | AI29: =AG29*AH29 | AL29: =AJ29*AK29 | AM29: =AA29+AD29+AG29+AJ29 | AN29: =AC29+AF29+AI29+AL29 | AO29: =AM29+X29+U29 | AP29: =AN29+Z29+W29 | AS29: =AP29-S29
J30: =H30*I30 | M30: =K30*L30 | P30: =N30*O30 | S30: =Q30*R30 | T30: =S30-P30 | W30: =U30*V30 | Z30: =X30*Y30 | AC30: =AA30*AB30 | AF30: =AD30*AE30 | AI30: =AG30*AH30 | AL30: =AJ30*AK30 | AM30: =AA30+AD30+AG30+AJ30 | AN30: =AC30+AF30+AI30+AL30 | AO30: =AM30+X30+U30 | AP30: =AN30+Z30+W30 | AS30: =AP30-S30
J31: =H31*I31 | M31: =K31*L31 | P31: =N31*O31 | S31: =Q31*R31 | T31: =S31-P31 | W31: =U31*V31 | Z31: =X31*Y31 | AC31: =AA31*AB31 | AF31: =AD31*AE31 | AI31: =AG31*AH31 | AL31: =AJ31*AK31 | AM31: =AA31+AD31+AG31+AJ31 | AN31: =AC31+AF31+AI31+AL31 | AO31: =AM31+X31+U31 | AP31: =AN31+Z31+W31 | AS31: =AP31-S31
D32: 소계 | J32: =SUM(J27:J31) | M32: =SUM(M27:M31) | P32: =SUM(P27:P31) | S32: =SUM(S27:S31) | T32: =SUM(T27:T31) | W32: =SUM(W27:W31) | Z32: =SUM(Z27:Z31) | AC32: =SUM(AC27:AC31) | AF32: =SUM(AF27:AF31) | AI32: =SUM(AI27:AI31) | AL32: =SUM(AL27:AL31) | AN32: =AC32+AF32+AI32+AL32 | AP32: =AN32+Z32+W32
J33: =H33*I33 | M33: =K33*L33 | P33: =N33*O33 | S33: =Q33*R33 | T33: =S33-P33 | W33: =U33*V33 | Z33: =X33*Y33 | AC33: =AA33*AB33 | AF33: =AD33*AE33 | AI33: =AG33*AH33 | AL33: =AJ33*AK33 | AM33: =AA33+AD33+AG33+AJ33 | AN33: =AC33+AF33+AI33+AL33 | AO33: =AM33+X33+U33 | AP33: =AN33+Z33+W33
J34: =H34*I34 | M34: =K34*L34 | P34: =N34*O34 | S34: =Q34*R34 | T34: =S34-P34 | W34: =U34*V34 | Z34: =X34*Y34 | AC34: =AA34*AB34 | AF34: =AD34*AE34 | AI34: =AG34*AH34 | AL34: =AJ34*AK34 | AM34: =AA34+AD34+AG34+AJ34 | AN34: =AC34+AF34+AI34+AL34 | AO34: =AM34+X34+U34 | AP34: =AN34+Z34+W34
J35: =H35*I35 | M35: =K35*L35 | P35: =N35*O35 | S35: =Q35*R35 | T35: =S35-P35 | W35: =U35*V35 | Z35: =X35*Y35 | AC35: =AA35*AB35 | AF35: =AD35*AE35 | AI35: =AG35*AH35 | AL35: =AJ35*AK35 | AM35: =AA35+AD35+AG35+AJ35 | AN35: =AC35+AF35+AI35+AL35 | AO35: =AM35+X35+U35 | AP35: =AN35+Z35+W35
J36: =H36*I36 | M36: =K36*L36 | P36: =N36*O36 | S36: =Q36*R36 | T36: =S36-P36 | W36: =U36*V36 | Z36: =X36*Y36 | AC36: =AA36*AB36 | AF36: =AD36*AE36 | AI36: =AG36*AH36 | AL36: =AJ36*AK36 | AM36: =AA36+AD36+AG36+AJ36 | AN36: =AC36+AF36+AI36+AL36 | AO36: =AM36+X36+U36 | AP36: =AN36+Z36+W36
J37: =H37*I37 | M37: =K37*L37 | P37: =N37*O37 | S37: =Q37*R37 | T37: =S37-P37 | W37: =U37*V37 | Z37: =X37*Y37 | AC37: =AA37*AB37 | AF37: =AD37*AE37 | AI37: =AG37*AH37 | AL37: =AJ37*AK37 | AM37: =AA37+AD37+AG37+AJ37 | AN37: =AC37+AF37+AI37+AL37 | AO37: =AM37+X37+U37 | AP37: =AN37+Z37+W37
J38: =H38*I38 | M38: =K38*L38 | P38: =N38*O38 | S38: =Q38*R38 | T38: =S38-P38 | W38: =U38*V38 | Z38: =X38*Y38 | AC38: =AA38*AB38 | AF38: =AD38*AE38 | AI38: =AG38*AH38 | AL38: =AJ38*AK38 | AM38: =AA38+AD38+AG38+AJ38 | AN38: =AC38+AF38+AI38+AL38 | AO38: =AM38+X38+U38 | AP38: =AN38+Z38+W38
J39: =H39*I39 | M39: =K39*L39 | P39: =N39*O39 | S39: =Q39*R39 | T39: =S39-P39 | W39: =U39*V39 | Z39: =X39*Y39 | AC39: =AA39*AB39 | AF39: =AD39*AE39 | AI39: =AG39*AH39 | AL39: =AJ39*AK39 | AM39: =AA39+AD39+AG39+AJ39 | AN39: =AC39+AF39+AI39+AL39 | AO39: =AM39+X39+U39 | AP39: =AN39+Z39+W39
J40: =H40*I40 | M40: =K40*L40 | P40: =N40*O40 | S40: =Q40*R40 | T40: =S40-P40 | W40: =U40*V40 | Z40: =X40*Y40 | AC40: =AA40*AB40 | AF40: =AD40*AE40 | AI40: =AG40*AH40 | AL40: =AJ40*AK40 | AM40: =AA40+AD40+AG40+AJ40 | AN40: =AC40+AF40+AI40+AL40 | AO40: =AM40+X40+U40 | AP40: =AN40+Z40+W40
J41: =H41*I41 | M41: =K41*L41 | P41: =N41*O41 | S41: =Q41*R41 | T41: =S41-P41 | W41: =U41*V41 | Z41: =X41*Y41 | AC41: =AA41*AB41 | AF41: =AD41*AE41 | AI41: =AG41*AH41 | AL41: =AJ41*AK41 | AM41: =AA41+AD41+AG41+AJ41 | AN41: =AC41+AF41+AI41+AL41 | AO41: =AM41+X41+U41 | AP41: =AN41+Z41+W41 | AS41: =AP41-S41
J42: =H42*I42 | M42: =K42*L42 | P42: =N42*O42 | S42: =Q42*R42 | T42: =S42-P42 | W42: =U42*V42 | Z42: =X42*Y42 | AC42: =AA42*AB42 | AF42: =AD42*AE42 | AI42: =AG42*AH42 | AL42: =AJ42*AK42 | AM42: =AA42+AD42+AG42+AJ42 | AN42: =AC42+AF42+AI42+AL42 | AO42: =AM42+X42+U42 | AP42: =AN42+Z42+W42 | AS42: =AP42-S42
J43: =H43*I43 | M43: =K43*L43 | P43: =N43*O43 | S43: =Q43*R43 | T43: =S43-P43 | W43: =U43*V43 | Z43: =X43*Y43 | AC43: =AA43*AB43 | AF43: =AD43*AE43 | AI43: =AG43*AH43 | AL43: =AJ43*AK43 | AM43: =AA43+AD43+AG43+AJ43 | AN43: =AC43+AF43+AI43+AL43 | AO43: =AM43+X43+U43 | AP43: =AN43+Z43+W43 | AS43: =AP43-S43
J44: =H44*I44 | M44: =K44*L44 | P44: =N44*O44 | S44: =Q44*R44 | T44: =S44-P44 | W44: =U44*V44 | Z44: =X44*Y44 | AC44: =AA44*AB44 | AF44: =AD44*AE44 | AI44: =AG44*AH44 | AL44: =AJ44*AK44 | AM44: =AA44+AD44+AG44+AJ44 | AN44: =AC44+AF44+AI44+AL44 | AO44: =AM44+X44+U44 | AP44: =AN44+Z44+W44 | AS44: =AP44-S44
J45: =H45*I45 | M45: =K45*L45 | P45: =N45*O45 | S45: =Q45*R45 | T45: =S45-P45 | W45: =U45*V45 | Z45: =X45*Y45 | AC45: =AA45*AB45 | AF45: =AD45*AE45 | AI45: =AG45*AH45 | AL45: =AJ45*AK45 | AM45: =AA45+AD45+AG45+AJ45 | AN45: =AC45+AF45+AI45+AL45 | AO45: =AM45+X45+U45 | AP45: =AN45+Z45+W45 | AS45: =AP45-S45
J46: =H46*I46 | M46: =K46*L46 | P46: =N46*O46 | S46: =Q46*R46 | T46: =S46-P46 | W46: =U46*V46 | Z46: =X46*Y46 | AC46: =AA46*AB46 | AF46: =AD46*AE46 | AI46: =AG46*AH46 | AL46: =AJ46*AK46 | AM46: =AA46+AD46+AG46+AJ46 | AN46: =AC46+AF46+AI46+AL46 | AO46: =AM46+X46+U46 | AP46: =AN46+Z46+W46 | AS46: =AP46-S46
J47: =H47*I47 | M47: =K47*L47 | P47: =N47*O47 | S47: =Q47*R47 | T47: =S47-P47 | W47: =U47*V47 | Z47: =X47*Y47 | AC47: =AA47*AB47 | AF47: =AD47*AE47 | AI47: =AG47*AH47 | AL47: =AJ47*AK47 | AM47: =AA47+AD47+AG47+AJ47 | AN47: =AC47+AF47+AI47+AL47 | AO47: =AM47+X47+U47 | AP47: =AN47+Z47+W47 | AS47: =AP47-S47
D48: 합 계 | J48: =J18+J26+J32 | M48: =M18+M26+M32 | P48: =P18+P26+P32 | S48: =S18+S26+S32 | T48: =T18+T26+T32 | W48: =W18+W26+W32 | Z48: =Z18+Z26+Z32 | AP48: =AP18+AP26+AP32 | AS48: =AP48-S48
D50: GS네오텍 | G50: Page : | AQ50: GP-4050-07(1)
